{"stats":{"minecraft:dropped":{"minecraft:stick":1,"minecraft:birch_log":7,"minecraft:spruce_sapling":1,"minecraft:cobbled_deepslate":1,"minecraft:spruce_planks":1,"minecraft:beef":1},"minecraft:custom":{"minecraft:mob_kills":60,"minecraft:inspect_hopper":1,"minecraft:interact_with_crafting_table":40,"minecraft:bell_ring":6,"minecraft:leave_game":2,"minecraft:time_since_death":7485,"minecraft:climb_one_cm":80991,"minecraft:sprint_one_cm":702921,"minecraft:walk_one_cm":374140,"minecraft:damage_blocked_by_shield":295,"minecraft:drop":6,"minecraft:talked_to_villager":6,"minecraft:play_time":270477,"minecraft:deaths":3,"minecraft:sneak_time":12852,"minecraft:walk_under_water_one_cm":49003,"minecraft:boat_one_cm":1828,"minecraft:jump":3739,"minecraft:walk_on_water_one_cm":72208,"minecraft:enchant_item":4,"minecraft:total_world_time":270477,"minecraft:interact_with_furnace":34,"minecraft:sleep_in_bed":15,"minecraft:time_since_rest":4318,"minecraft:damage_taken":4218,"minecraft:damage_dealt":7611,"minecraft:swim_one_cm":98316,"minecraft:fly_one_cm":610524,"minecraft:open_chest":144,"minecraft:crouch_one_cm":26160,"minecraft:fall_one_cm":96969},"minecraft:crafted":{"minecraft:oak_planks":16,"minecraft:diamond_hoe":1,"minecraft:furnace":4,"minecraft:piston":8,"minecraft:lever":1,"minecraft:bone_meal":30,"minecraft:diamond_shovel":1,"minecraft:cooked_mutton":1,"minecraft:flint_and_steel":1,"minecraft:glass":64,"minecraft:hopper":2,"minecraft:diamond_helmet":1,"minecraft:diamond_leggings":1,"minecraft:ladder":300,"minecraft:spruce_slab":12,"minecraft:stone_pickaxe":2,"minecraft:cobblestone_wall":18,"minecraft:chest":8,"minecraft:diamond_boots":1,"minecraft:stone_hoe":1,"minecraft:observer":10,"minecraft:cooked_beef":15,"minecraft:spruce_sign":6,"minecraft:cooked_porkchop":24,"minecraft:diamond_axe":1,"minecraft:crafting_table":2,"minecraft:spruce_planks":796,"minecraft:enchanting_table":1,"minecraft:wooden_pickaxe":1,"minecraft:stone_axe":1,"minecraft:air":0,"minecraft:oak_boat":2,"minecraft:book":4,"minecraft:paper":21,"minecraft:diamond_pickaxe":2,"minecraft:shield":1,"minecraft:stick":860,"minecraft:iron_ingot":21,"minecraft:iron_pickaxe":1,"minecraft:wooden_axe":1,"minecraft:redstone_torch":1,"minecraft:torch":256,"minecraft:diamond_chestplate":1},"minecraft:used":{"minecraft:enchanting_table":1,"minecraft:flint_and_steel":1,"minecraft:spruce_slab":12,"minecraft:redstone":9,"minecraft:ladder":150,"minecraft:diamond_hoe":51,"minecraft:chest":12,"minecraft:spruce_planks":149,"minecraft:shield":9,"minecraft:netherrack":45,"minecraft:iron_chestplate":1,"minecraft:torch":22,"minecraft:soul_sand":2,"minecraft:dirt":525,"minecraft:hopper":2,"minecraft:cobblestone_wall":1,"minecraft:tuff":9,"minecraft:obsidian":14,"minecraft:glass":57,"minecraft:wooden_axe":59,"minecraft:birch_sapling":1,"minecraft:iron_boots":1,"minecraft:sweet_berries":25,"minecraft:furnace":8,"minecraft:cooked_beef":13,"minecraft:potato":47,"minecraft:cobbled_deepslate":653,"minecraft:observer":5,"minecraft:cooked_mutton":1,"minecraft:water_bucket":65,"minecraft:stone_pickaxe":136,"minecraft:wooden_pickaxe":3,"minecraft:spruce_sign":5,"minecraft:diamond_axe":788,"minecraft:sugar_cane":16,"minecraft:sand":16,"minecraft:crafting_table":5,"minecraft:spruce_log":26,"minecraft:oak_log":2,"minecraft:piston":8,"minecraft:diamond_pickaxe":1780,"minecraft:apple":2,"minecraft:diamond_shovel":1011,"minecraft:bread":14,"minecraft:iron_pickaxe":250,"minecraft:spruce_trapdoor":1,"minecraft:gravel":5,"minecraft:stone_axe":18,"minecraft:cobblestone":34,"minecraft:purple_bed":5,"minecraft:cooked_porkchop":9,"minecraft:birch_log":2,"minecraft:andesite":14,"minecraft:bucket":65,"minecraft:oak_boat":2,"minecraft:kelp":30,"minecraft:bone_meal":30},"minecraft:broken":{"minecraft:stone_pickaxe":1,"minecraft:diamond_pickaxe":1,"minecraft:iron_pickaxe":1,"minecraft:wooden_axe":1},"minecraft:killed":{"minecraft:spider":1,"minecraft:skeleton":11,"minecraft:chicken":3,"minecraft:magma_cube":1,"minecraft:pig":15,"minecraft:iron_golem":1,"minecraft:creeper":1,"minecraft:sheep":1,"minecraft:zombie":18,"minecraft:cow":7},"minecraft:picked_up":{"minecraft:crafting_table":5,"minecraft:iron_chestplate":1,"minecraft:ladder":146,"minecraft:chicken":6,"minecraft:clay_ball":132,"minecraft:brown_mushroom":2,"minecraft:wooden_pickaxe":2,"minecraft:shield":3,"minecraft:music_disc_cat":1,"minecraft:diamond_leggings":2,"minecraft:cobbled_deepslate":1256,"minecraft:bucket":1,"minecraft:spruce_planks":396,"minecraft:beef":16,"minecraft:oak_boat":2,"minecraft:observer":1,"minecraft:spruce_slab":15,"minecraft:poppy":1,"minecraft:diamond_hoe":3,"minecraft:sugar_cane":41,"minecraft:chest":8,"minecraft:birch_sapling":1,"minecraft:spruce_trapdoor":82,"minecraft:iron_boots":1,"minecraft:furnace":4,"minecraft:raw_iron":42,"minecraft:stick":35,"minecraft:torch":149,"minecraft:spruce_stairs":2,"minecraft:spruce_fence":74,"minecraft:porkchop":24,"minecraft:diorite":64,"minecraft:redstone":176,"minecraft:iron_horse_armor":1,"minecraft:diamond_chestplate":2,"minecraft:arrow":19,"minecraft:rotten_flesh":17,"minecraft:diamond_boots":3,"minecraft:obsidian":18,"minecraft:mutton":2,"minecraft:white_wool":2,"minecraft:cobblestone":605,"minecraft:birch_log":21,"minecraft:magma_block":1,"minecraft:cooked_beef":14,"minecraft:feather":10,"minecraft:basalt":34,"minecraft:water_bucket":1,"minecraft:andesite":22,"minecraft:leather":7,"minecraft:potato":75,"minecraft:flint":2,"minecraft:tuff":115,"minecraft:oak_log":6,"minecraft:gunpowder":15,"minecraft:cobblestone_wall":20,"minecraft:cobblestone_stairs":8,"minecraft:lapis_lazuli":318,"minecraft:dirt":1282,"minecraft:bone":23,"minecraft:apple":1,"minecraft:kelp":216,"minecraft:wheat_seeds":16,"minecraft:iron_ingot":15,"minecraft:stone_pickaxe":1,"minecraft:diamond_helmet":2,"minecraft:oak_planks":1,"minecraft:stone_hoe":1,"minecraft:soul_sand":3,"minecraft:cooked_porkchop":39,"minecraft:sweet_berries":27,"minecraft:quartz":21,"minecraft:dandelion":1,"minecraft:gravel":21,"minecraft:sand":180,"minecraft:stripped_spruce_log":2,"minecraft:spruce_sapling":35,"minecraft:spruce_log":607,"minecraft:mossy_cobblestone":51,"minecraft:diamond_shovel":3,"minecraft:spruce_fence_gate":2,"minecraft:purple_bed":5,"minecraft:diamond":157,"minecraft:stone_axe":1,"minecraft:diamond_axe":2,"minecraft:granite":8,"minecraft:spruce_sign":6,"minecraft:melon_seeds":3,"minecraft:netherrack":60,"minecraft:coal":170,"minecraft:hopper":1,"minecraft:diamond_pickaxe":4},"minecraft:mined":{"minecraft:tuff":97,"minecraft:spruce_planks":32,"minecraft:mossy_cobblestone":51,"minecraft:deepslate_diamond_ore":109,"minecraft:cobblestone_stairs":4,"minecraft:obsidian":19,"minecraft:spruce_trapdoor":41,"minecraft:ladder":146,"minecraft:granite":4,"minecraft:spruce_fence":37,"minecraft:grass_block":600,"minecraft:redstone_wire":1,"minecraft:spruce_leaves":101,"minecraft:kelp":10,"minecraft:large_fern":33,"minecraft:magma_block":1,"minecraft:furnace":4,"minecraft:fire":5,"minecraft:iron_ore":21,"minecraft:cobbled_deepslate":213,"minecraft:andesite":18,"minecraft:stripped_spruce_log":1,"minecraft:deepslate_lapis_ore":18,"minecraft:potatoes":20,"minecraft:dirt_path":87,"minecraft:stone":302,"minecraft:spruce_slab":5,"minecraft:deepslate_redstone_ore":39,"minecraft:brown_mushroom":1,"minecraft:soul_sand":2,"minecraft:kelp_plant":16,"minecraft:basalt":36,"minecraft:observer":1,"minecraft:crafting_table":4,"minecraft:clay":20,"minecraft:torch":8,"minecraft:short_grass":9,"minecraft:chest":6,"minecraft:glass":1,"minecraft:nether_quartz_ore":21,"minecraft:cobblestone":112,"minecraft:tall_grass":2,"minecraft:lapis_ore":6,"minecraft:sugar_cane":19,"minecraft:wall_torch":7,"minecraft:diorite":32,"minecraft:spruce_stairs":1,"minecraft:purple_bed":4,"minecraft:cobblestone_wall":2,"minecraft:birch_log":8,"minecraft:sweet_berry_bush":12,"minecraft:spruce_log":397,"minecraft:birch_leaves":3,"minecraft:oak_log":6,"minecraft:coal_ore":86,"minecraft:sand":180,"minecraft:gravel":17,"minecraft:dirt":160,"minecraft:spruce_fence_gate":1,"minecraft:netherrack":62,"minecraft:oak_leaves":5,"minecraft:deepslate":875,"minecraft:fern":8}},"DataVersion":3953}