{"stats":{"minecraft:custom":{"minecraft:mob_kills":198,"minecraft:inspect_hopper":1,"minecraft:interact_with_crafting_table":48,"minecraft:bell_ring":6,"minecraft:leave_game":2,"minecraft:time_since_death":83064,"minecraft:climb_one_cm":82245,"minecraft:sprint_one_cm":820757,"minecraft:walk_one_cm":450968,"minecraft:damage_blocked_by_shield":295,"minecraft:drop":6,"minecraft:talked_to_villager":10,"minecraft:play_time":346056,"minecraft:sneak_time":13631,"minecraft:deaths":3,"minecraft:walk_under_water_one_cm":87160,"minecraft:boat_one_cm":6085,"minecraft:jump":4300,"minecraft:walk_on_water_one_cm":72568,"minecraft:enchant_item":5,"minecraft:total_world_time":346056,"minecraft:interact_with_furnace":38,"minecraft:sleep_in_bed":17,"minecraft:time_since_rest":24561,"minecraft:damage_taken":4532,"minecraft:damage_dealt":10962,"minecraft:swim_one_cm":125243,"minecraft:fly_one_cm":731753,"minecraft:open_chest":189,"minecraft:crouch_one_cm":28145,"minecraft:fall_one_cm":105035},"minecraft:crafted":{"minecraft:oak_planks":16,"minecraft:diamond_hoe":1,"minecraft:cooked_chicken":3,"minecraft:furnace":4,"minecraft:piston":8,"minecraft:lever":1,"minecraft:bone_meal":30,"minecraft:diamond_shovel":1,"minecraft:cooked_mutton":1,"minecraft:flint_and_steel":1,"minecraft:glass":88,"minecraft:hopper":2,"minecraft:diamond_helmet":1,"minecraft:diamond_leggings":1,"minecraft:ladder":300,"minecraft:spruce_slab":72,"minecraft:stone_pickaxe":2,"minecraft:cobblestone_wall":18,"minecraft:chest":16,"minecraft:diamond_boots":1,"minecraft:stone_hoe":1,"minecraft:observer":10,"minecraft:cooked_beef":15,"minecraft:diamond_sword":1,"minecraft:spruce_sign":6,"minecraft:cooked_porkchop":24,"minecraft:diamond_axe":1,"minecraft:crafting_table":2,"minecraft:spruce_planks":1228,"minecraft:enchanting_table":1,"minecraft:wooden_pickaxe":1,"minecraft:spruce_door":3,"minecraft:stone_axe":1,"minecraft:air":0,"minecraft:oak_boat":2,"minecraft:spruce_trapdoor":8,"minecraft:book":4,"minecraft:paper":21,"minecraft:diamond_pickaxe":2,"minecraft:shield":1,"minecraft:stick":864,"minecraft:iron_ingot":21,"minecraft:iron_pickaxe":1,"minecraft:wooden_axe":1,"minecraft:redstone_torch":1,"minecraft:composter":8,"minecraft:torch":256,"minecraft:diamond_chestplate":1},"minecraft:mined":{"minecraft:tuff":97,"minecraft:spruce_planks":82,"minecraft:mossy_cobblestone":51,"minecraft:deepslate_diamond_ore":109,"minecraft:cobblestone_stairs":4,"minecraft:obsidian":19,"minecraft:spruce_trapdoor":43,"minecraft:ladder":146,"minecraft:granite":4,"minecraft:grass_block":654,"minecraft:spruce_fence":37,"minecraft:redstone_wire":1,"minecraft:spruce_leaves":101,"minecraft:kelp":11,"minecraft:large_fern":33,"minecraft:magma_block":1,"minecraft:furnace":4,"minecraft:iron_ore":21,"minecraft:cobbled_deepslate":216,"minecraft:fire":5,"minecraft:andesite":18,"minecraft:stripped_spruce_log":1,"minecraft:deepslate_lapis_ore":18,"minecraft:potatoes":44,"minecraft:dirt_path":87,"minecraft:stone":315,"minecraft:spruce_slab":5,"minecraft:deepslate_redstone_ore":39,"minecraft:brown_mushroom":1,"minecraft:soul_sand":2,"minecraft:smoker":1,"minecraft:kelp_plant":17,"minecraft:basalt":36,"minecraft:observer":1,"minecraft:clay":20,"minecraft:crafting_table":4,"minecraft:torch":9,"minecraft:short_grass":10,"minecraft:chest":6,"minecraft:campfire":2,"minecraft:nether_quartz_ore":21,"minecraft:tall_grass":2,"minecraft:glass":1,"minecraft:cobblestone":112,"minecraft:lapis_ore":6,"minecraft:grindstone":3,"minecraft:sugar_cane":19,"minecraft:blue_bed":4,"minecraft:diorite":32,"minecraft:wall_torch":7,"minecraft:spruce_stairs":1,"minecraft:purple_bed":5,"minecraft:cobblestone_wall":2,"minecraft:birch_log":10,"minecraft:sweet_berry_bush":12,"minecraft:spruce_log":397,"minecraft:birch_leaves":3,"minecraft:smooth_stone_slab":10,"minecraft:oak_log":6,"minecraft:coal_ore":86,"minecraft:gravel":17,"minecraft:sand":180,"minecraft:dirt":213,"minecraft:spruce_fence_gate":1,"minecraft:netherrack":62,"minecraft:oak_leaves":5,"minecraft:deepslate":875,"minecraft:fern":9},"minecraft:picked_up":{"minecraft:charcoal":4,"minecraft:crafting_table":5,"minecraft:iron_chestplate":1,"minecraft:chicken":6,"minecraft:ladder":146,"minecraft:clay_ball":132,"minecraft:brown_mushroom":2,"minecraft:wooden_pickaxe":2,"minecraft:shield":3,"minecraft:music_disc_cat":1,"minecraft:string":2,"minecraft:smooth_stone_slab":13,"minecraft:diamond_leggings":2,"minecraft:cobbled_deepslate":1260,"minecraft:bucket":1,"minecraft:spruce_planks":446,"minecraft:beef":16,"minecraft:oak_boat":6,"minecraft:observer":1,"minecraft:poppy":3,"minecraft:spruce_slab":15,"minecraft:sugar_cane":41,"minecraft:chest":8,"minecraft:birch_sapling":1,"minecraft:furnace":4,"minecraft:spruce_trapdoor":84,"minecraft:diamond_hoe":3,"minecraft:iron_boots":1,"minecraft:stick":35,"minecraft:raw_iron":42,"minecraft:torch":152,"minecraft:spruce_stairs":2,"minecraft:spruce_fence":74,"minecraft:porkchop":24,"minecraft:diorite":64,"minecraft:redstone":176,"minecraft:iron_horse_armor":1,"minecraft:arrow":21,"minecraft:diamond_chestplate":2,"minecraft:rotten_flesh":32,"minecraft:diamond_boots":3,"minecraft:obsidian":18,"minecraft:mutton":2,"minecraft:white_wool":2,"minecraft:cobblestone":618,"minecraft:birch_log":23,"minecraft:magma_block":1,"minecraft:cooked_beef":14,"minecraft:feather":10,"minecraft:basalt":34,"minecraft:water_bucket":1,"minecraft:andesite":22,"minecraft:leather":7,"minecraft:smoker":1,"minecraft:potato":155,"minecraft:flint":2,"minecraft:tuff":115,"minecraft:oak_log":6,"minecraft:cobblestone_wall":20,"minecraft:gunpowder":15,"minecraft:cobblestone_stairs":8,"minecraft:blue_bed":4,"minecraft:lapis_lazuli":318,"minecraft:dirt":1389,"minecraft:bone":24,"minecraft:apple":1,"minecraft:kelp":309,"minecraft:wheat_seeds":16,"minecraft:grindstone":3,"minecraft:iron_ingot":20,"minecraft:stone_pickaxe":1,"minecraft:diamond_helmet":2,"minecraft:stone_hoe":1,"minecraft:oak_planks":1,"minecraft:soul_sand":3,"minecraft:cooked_porkchop":39,"minecraft:sweet_berries":27,"minecraft:poisonous_potato":1,"minecraft:quartz":21,"minecraft:dandelion":1,"minecraft:gravel":21,"minecraft:sand":180,"minecraft:stripped_spruce_log":2,"minecraft:spruce_sapling":35,"minecraft:spruce_log":607,"minecraft:spider_eye":1,"minecraft:mossy_cobblestone":51,"minecraft:diamond_shovel":3,"minecraft:spruce_fence_gate":2,"minecraft:purple_bed":6,"minecraft:diamond":157,"minecraft:stone_axe":1,"minecraft:granite":8,"minecraft:diamond_axe":2,"minecraft:spruce_sign":6,"minecraft:netherrack":60,"minecraft:melon_seeds":3,"minecraft:coal":170,"minecraft:hopper":1,"minecraft:diamond_pickaxe":4},"minecraft:broken":{"minecraft:stone_pickaxe":1,"minecraft:diamond_pickaxe":1,"minecraft:iron_pickaxe":1,"minecraft:wooden_axe":1},"minecraft:dropped":{"minecraft:stick":1,"minecraft:birch_log":7,"minecraft:spruce_sapling":1,"minecraft:cobbled_deepslate":1,"minecraft:spruce_planks":1,"minecraft:beef":1},"minecraft:killed":{"minecraft:spider":3,"minecraft:skeleton":13,"minecraft:chicken":3,"minecraft:magma_cube":1,"minecraft:pig":15,"minecraft:iron_golem":2,"minecraft:creeper":1,"minecraft:sheep":1,"minecraft:zombie":150,"minecraft:villager":1,"minecraft:cow":7},"minecraft:used":{"minecraft:enchanting_table":1,"minecraft:flint_and_steel":1,"minecraft:spruce_slab":12,"minecraft:redstone":9,"minecraft:ladder":155,"minecraft:diamond_hoe":135,"minecraft:chest":17,"minecraft:spruce_planks":286,"minecraft:shield":9,"minecraft:netherrack":45,"minecraft:iron_chestplate":1,"minecraft:torch":28,"minecraft:soul_sand":2,"minecraft:dirt":544,"minecraft:hopper":2,"minecraft:cobblestone_wall":1,"minecraft:tuff":9,"minecraft:obsidian":14,"minecraft:glass":81,"minecraft:wooden_axe":59,"minecraft:birch_sapling":1,"minecraft:iron_boots":1,"minecraft:sweet_berries":25,"minecraft:furnace":8,"minecraft:potato":128,"minecraft:cooked_beef":15,"minecraft:observer":5,"minecraft:cobbled_deepslate":672,"minecraft:cooked_mutton":1,"minecraft:water_bucket":67,"minecraft:spruce_door":1,"minecraft:spruce_fence_gate":1,"minecraft:stone_pickaxe":136,"minecraft:blue_bed":4,"minecraft:wooden_pickaxe":3,"minecraft:composter":2,"minecraft:spruce_sign":5,"minecraft:diamond_axe":957,"minecraft:sugar_cane":16,"minecraft:sand":16,"minecraft:crafting_table":5,"minecraft:spruce_log":26,"minecraft:oak_log":2,"minecraft:piston":8,"minecraft:diamond_pickaxe":1810,"minecraft:apple":2,"minecraft:diamond_shovel":1112,"minecraft:iron_pickaxe":250,"minecraft:bread":14,"minecraft:spruce_trapdoor":4,"minecraft:gravel":5,"minecraft:stone_axe":18,"minecraft:diamond_sword":27,"minecraft:purple_bed":6,"minecraft:cobblestone":34,"minecraft:cooked_porkchop":14,"minecraft:andesite":14,"minecraft:bucket":68,"minecraft:birch_log":2,"minecraft:oak_boat":5,"minecraft:kelp":123,"minecraft:bone_meal":30}},"DataVersion":3953}