{"stats":{"minecraft:dropped":{"minecraft:birch_log":7},"minecraft:custom":{"minecraft:open_chest":8,"minecraft:time_since_rest":1944,"minecraft:crouch_one_cm":95,"minecraft:sprint_one_cm":43690,"minecraft:play_time":8731,"minecraft:damage_taken":60,"minecraft:walk_one_cm":8780,"minecraft:sneak_time":452,"minecraft:drop":1,"minecraft:jump":147,"minecraft:leave_game":1,"minecraft:time_since_death":8731,"minecraft:sleep_in_bed":1,"minecraft:total_world_time":8731,"minecraft:talked_to_villager":1,"minecraft:interact_with_crafting_table":2,"minecraft:fall_one_cm":4463,"minecraft:fly_one_cm":27791},"minecraft:crafted":{"minecraft:oak_planks":8},"minecraft:used":{"minecraft:oak_log":2,"minecraft:iron_chestplate":1,"minecraft:crafting_table":1,"minecraft:bread":3,"minecraft:birch_sapling":1,"minecraft:iron_boots":1},"minecraft:picked_up":{"minecraft:birch_log":15,"minecraft:crafting_table":1,"minecraft:oak_log":4,"minecraft:birch_sapling":1},"minecraft:mined":{"minecraft:short_grass":1,"minecraft:oak_log":4,"minecraft:birch_log":8,"minecraft:birch_leaves":3,"minecraft:crafting_table":1,"minecraft:oak_leaves":5}},"DataVersion":3953}