{"stats":{"minecraft:dropped":{"minecraft:birch_log":7,"minecraft:spruce_sapling":1},"minecraft:custom":{"minecraft:mob_kills":24,"minecraft:interact_with_crafting_table":22,"minecraft:bell_ring":6,"minecraft:leave_game":2,"minecraft:time_since_death":162477,"minecraft:sprint_one_cm":470370,"minecraft:walk_one_cm":233583,"minecraft:damage_blocked_by_shield":295,"minecraft:drop":2,"minecraft:talked_to_villager":6,"minecraft:play_time":162477,"minecraft:sneak_time":8392,"minecraft:walk_under_water_one_cm":9687,"minecraft:boat_one_cm":1828,"minecraft:jump":2220,"minecraft:walk_on_water_one_cm":30652,"minecraft:total_world_time":162477,"minecraft:interact_with_furnace":19,"minecraft:sleep_in_bed":8,"minecraft:time_since_rest":36680,"minecraft:damage_taken":845,"minecraft:damage_dealt":4813,"minecraft:swim_one_cm":20013,"minecraft:fly_one_cm":354164,"minecraft:open_chest":66,"minecraft:crouch_one_cm":14480,"minecraft:fall_one_cm":40364},"minecraft:crafted":{"minecraft:oak_planks":16,"minecraft:diamond_hoe":1,"minecraft:furnace":4,"minecraft:piston":1,"minecraft:lever":1,"minecraft:bone_meal":24,"minecraft:diamond_shovel":1,"minecraft:cooked_mutton":1,"minecraft:flint_and_steel":1,"minecraft:diamond_helmet":1,"minecraft:diamond_leggings":1,"minecraft:stone_pickaxe":2,"minecraft:chest":4,"minecraft:diamond_boots":1,"minecraft:stone_hoe":1,"minecraft:cooked_porkchop":9,"minecraft:diamond_axe":1,"minecraft:crafting_table":1,"minecraft:spruce_planks":492,"minecraft:wooden_pickaxe":1,"minecraft:stone_axe":1,"minecraft:air":0,"minecraft:oak_boat":2,"minecraft:diamond_pickaxe":1,"minecraft:shield":1,"minecraft:stick":156,"minecraft:iron_ingot":9,"minecraft:iron_pickaxe":1,"minecraft:wooden_axe":1,"minecraft:redstone_torch":1,"minecraft:torch":256,"minecraft:diamond_chestplate":1},"minecraft:used":{"minecraft:flint_and_steel":1,"minecraft:diamond_hoe":51,"minecraft:chest":8,"minecraft:spruce_planks":45,"minecraft:shield":9,"minecraft:netherrack":2,"minecraft:iron_chestplate":1,"minecraft:torch":6,"minecraft:dirt":524,"minecraft:tuff":9,"minecraft:obsidian":14,"minecraft:wooden_axe":59,"minecraft:birch_sapling":1,"minecraft:iron_boots":1,"minecraft:sweet_berries":16,"minecraft:furnace":8,"minecraft:potato":47,"minecraft:cobbled_deepslate":252,"minecraft:cooked_mutton":1,"minecraft:water_bucket":45,"minecraft:stone_pickaxe":131,"minecraft:wooden_pickaxe":3,"minecraft:diamond_axe":533,"minecraft:sugar_cane":4,"minecraft:sand":16,"minecraft:crafting_table":4,"minecraft:spruce_log":26,"minecraft:oak_log":2,"minecraft:diamond_pickaxe":812,"minecraft:apple":2,"minecraft:diamond_shovel":819,"minecraft:bread":14,"minecraft:iron_pickaxe":250,"minecraft:gravel":5,"minecraft:stone_axe":18,"minecraft:cobblestone":23,"minecraft:purple_bed":5,"minecraft:cooked_porkchop":9,"minecraft:birch_log":2,"minecraft:andesite":14,"minecraft:bucket":46,"minecraft:oak_boat":2,"minecraft:bone_meal":24},"minecraft:broken":{"minecraft:stone_pickaxe":1,"minecraft:iron_pickaxe":1,"minecraft:wooden_axe":1},"minecraft:killed":{"minecraft:spider":1,"minecraft:skeleton":9,"minecraft:pig":6,"minecraft:iron_golem":1,"minecraft:sheep":1,"minecraft:zombie":4,"minecraft:cow":1},"minecraft:picked_up":{"minecraft:crafting_table":5,"minecraft:iron_chestplate":1,"minecraft:clay_ball":80,"minecraft:brown_mushroom":2,"minecraft:wooden_pickaxe":1,"minecraft:cobbled_deepslate":681,"minecraft:spruce_planks":281,"minecraft:beef":3,"minecraft:oak_boat":2,"minecraft:poppy":1,"minecraft:sugar_cane":17,"minecraft:chest":4,"minecraft:birch_sapling":1,"minecraft:spruce_trapdoor":82,"minecraft:iron_boots":1,"minecraft:furnace":4,"minecraft:raw_iron":42,"minecraft:stick":31,"minecraft:torch":7,"minecraft:spruce_stairs":2,"minecraft:spruce_fence":74,"minecraft:porkchop":9,"minecraft:diorite":48,"minecraft:redstone":166,"minecraft:arrow":19,"minecraft:rotten_flesh":4,"minecraft:obsidian":18,"minecraft:mutton":2,"minecraft:white_wool":2,"minecraft:cobblestone":360,"minecraft:birch_log":21,"minecraft:andesite":22,"minecraft:leather":1,"minecraft:potato":75,"minecraft:flint":2,"minecraft:tuff":47,"minecraft:oak_log":6,"minecraft:cobblestone_wall":2,"minecraft:cobblestone_stairs":8,"minecraft:lapis_lazuli":318,"minecraft:dirt":1228,"minecraft:bone":8,"minecraft:apple":1,"minecraft:wheat_seeds":16,"minecraft:iron_ingot":6,"minecraft:stone_pickaxe":1,"minecraft:oak_planks":1,"minecraft:stone_hoe":1,"minecraft:sweet_berries":27,"minecraft:quartz":21,"minecraft:dandelion":1,"minecraft:gravel":21,"minecraft:sand":37,"minecraft:stripped_spruce_log":2,"minecraft:spruce_sapling":34,"minecraft:spruce_log":595,"minecraft:spruce_fence_gate":2,"minecraft:purple_bed":5,"minecraft:diamond":156,"minecraft:stone_axe":1,"minecraft:granite":8,"minecraft:netherrack":2,"minecraft:coal":170},"minecraft:mined":{"minecraft:tuff":35,"minecraft:spruce_planks":6,"minecraft:deepslate_diamond_ore":108,"minecraft:cobblestone_stairs":4,"minecraft:obsidian":19,"minecraft:spruce_trapdoor":41,"minecraft:granite":4,"minecraft:spruce_fence":37,"minecraft:grass_block":583,"minecraft:spruce_leaves":94,"minecraft:large_fern":33,"minecraft:furnace":4,"minecraft:fire":5,"minecraft:iron_ore":21,"minecraft:cobbled_deepslate":43,"minecraft:andesite":18,"minecraft:stripped_spruce_log":1,"minecraft:deepslate_lapis_ore":18,"minecraft:potatoes":20,"minecraft:dirt_path":72,"minecraft:stone":204,"minecraft:deepslate_redstone_ore":37,"minecraft:brown_mushroom":1,"minecraft:crafting_table":4,"minecraft:clay":12,"minecraft:torch":3,"minecraft:short_grass":9,"minecraft:chest":4,"minecraft:nether_quartz_ore":21,"minecraft:cobblestone":9,"minecraft:tall_grass":2,"minecraft:lapis_ore":6,"minecraft:sugar_cane":5,"minecraft:diorite":24,"minecraft:spruce_stairs":1,"minecraft:purple_bed":4,"minecraft:cobblestone_wall":2,"minecraft:birch_log":8,"minecraft:sweet_berry_bush":12,"minecraft:spruce_log":385,"minecraft:birch_leaves":3,"minecraft:oak_log":6,"minecraft:coal_ore":86,"minecraft:sand":37,"minecraft:gravel":17,"minecraft:dirt":145,"minecraft:spruce_fence_gate":1,"minecraft:netherrack":3,"minecraft:oak_leaves":5,"minecraft:deepslate":499,"minecraft:fern":8}},"DataVersion":3953}