{"stats":{"minecraft:dropped":{"minecraft:birch_log":7},"minecraft:custom":{"minecraft:time_since_rest":1273,"minecraft:interact_with_furnace":1,"minecraft:sprint_one_cm":69201,"minecraft:damage_taken":70,"minecraft:walk_one_cm":27197,"minecraft:drop":1,"minecraft:interact_with_crafting_table":10,"minecraft:talked_to_villager":2,"minecraft:fly_one_cm":40470,"minecraft:open_chest":15,"minecraft:crouch_one_cm":1205,"minecraft:play_time":20731,"minecraft:sneak_time":1120,"minecraft:boat_one_cm":1828,"minecraft:jump":265,"minecraft:leave_game":1,"minecraft:time_since_death":20731,"minecraft:sleep_in_bed":2,"minecraft:total_world_time":20731,"minecraft:fall_one_cm":6378},"minecraft:crafted":{"minecraft:oak_boat":2,"minecraft:oak_planks":16,"minecraft:spruce_planks":236,"minecraft:stick":8,"minecraft:wooden_pickaxe":1,"minecraft:stone_pickaxe":1,"minecraft:wooden_axe":1,"minecraft:chest":4,"minecraft:furnace":4,"minecraft:stone_hoe":1},"minecraft:used":{"minecraft:oak_log":2,"minecraft:wooden_axe":59,"minecraft:apple":1,"minecraft:bread":3,"minecraft:stone_pickaxe":99,"minecraft:birch_sapling":1,"minecraft:chest":4,"minecraft:spruce_planks":31,"minecraft:wooden_pickaxe":3,"minecraft:iron_boots":1,"minecraft:iron_chestplate":1,"minecraft:purple_bed":2,"minecraft:crafting_table":2,"minecraft:furnace":4,"minecraft:andesite":2,"minecraft:birch_log":2,"minecraft:oak_boat":2,"minecraft:spruce_log":5},"minecraft:broken":{"minecraft:wooden_axe":1},"minecraft:picked_up":{"minecraft:birch_log":15,"minecraft:stick":1,"minecraft:crafting_table":2,"minecraft:andesite":2,"minecraft:gravel":4,"minecraft:flint":1,"minecraft:oak_log":6,"minecraft:spruce_sapling":3,"minecraft:spruce_log":52,"minecraft:dirt":10,"minecraft:purple_bed":2,"minecraft:oak_boat":1,"minecraft:birch_sapling":1,"minecraft:coal":36,"minecraft:cobblestone":59},"minecraft:mined":{"minecraft:purple_bed":2,"minecraft:birch_log":8,"minecraft:andesite":2,"minecraft:spruce_log":52,"minecraft:birch_leaves":3,"minecraft:crafting_table":2,"minecraft:short_grass":1,"minecraft:coal_ore":36,"minecraft:grass_block":4,"minecraft:oak_log":6,"minecraft:gravel":5,"minecraft:dirt":6,"minecraft:spruce_leaves":13,"minecraft:stone":59,"minecraft:oak_leaves":5}},"DataVersion":3953}