{"stats":{"minecraft:dropped":{"minecraft:birch_log":7},"minecraft:custom":{"minecraft:interact_with_furnace":2,"minecraft:mob_kills":1,"minecraft:interact_with_crafting_table":14,"minecraft:leave_game":2,"minecraft:time_since_death":54477,"minecraft:sleep_in_bed":3,"minecraft:time_since_rest":21897,"minecraft:sprint_one_cm":87499,"minecraft:damage_taken":145,"minecraft:walk_one_cm":52005,"minecraft:drop":1,"minecraft:damage_dealt":1001,"minecraft:talked_to_villager":2,"minecraft:fly_one_cm":50000,"minecraft:open_chest":20,"minecraft:crouch_one_cm":3730,"minecraft:play_time":54477,"minecraft:sneak_time":2892,"minecraft:boat_one_cm":1828,"minecraft:jump":383,"minecraft:walk_on_water_one_cm":342,"minecraft:total_world_time":54477,"minecraft:fall_one_cm":8236},"minecraft:crafted":{"minecraft:oak_planks":16,"minecraft:crafting_table":1,"minecraft:spruce_planks":236,"minecraft:wooden_pickaxe":1,"minecraft:furnace":4,"minecraft:stone_axe":1,"minecraft:oak_boat":2,"minecraft:diamond_pickaxe":1,"minecraft:stick":20,"minecraft:iron_pickaxe":1,"minecraft:stone_pickaxe":2,"minecraft:wooden_axe":1,"minecraft:chest":4,"minecraft:stone_hoe":1},"minecraft:used":{"minecraft:stone_pickaxe":131,"minecraft:spruce_planks":39,"minecraft:chest":4,"minecraft:wooden_pickaxe":3,"minecraft:iron_chestplate":1,"minecraft:crafting_table":3,"minecraft:spruce_log":5,"minecraft:oak_log":2,"minecraft:wooden_axe":59,"minecraft:diamond_pickaxe":156,"minecraft:apple":1,"minecraft:bread":6,"minecraft:birch_sapling":1,"minecraft:iron_pickaxe":250,"minecraft:iron_boots":1,"minecraft:gravel":5,"minecraft:stone_axe":18,"minecraft:cobblestone":3,"minecraft:purple_bed":2,"minecraft:furnace":4,"minecraft:andesite":14,"minecraft:birch_log":2,"minecraft:oak_boat":2},"minecraft:killed":{"minecraft:iron_golem":1},"minecraft:picked_up":{"minecraft:birch_log":15,"minecraft:crafting_table":3,"minecraft:clay_ball":16,"minecraft:andesite":18,"minecraft:flint":1,"minecraft:oak_log":6,"minecraft:lapis_lazuli":159,"minecraft:dirt":10,"minecraft:cobbled_deepslate":184,"minecraft:spruce_planks":4,"minecraft:iron_ingot":5,"minecraft:oak_boat":1,"minecraft:birch_sapling":1,"minecraft:stick":1,"minecraft:raw_iron":21,"minecraft:gravel":10,"minecraft:spruce_sapling":3,"minecraft:diorite":14,"minecraft:spruce_log":52,"minecraft:purple_bed":2,"minecraft:diamond":29,"minecraft:granite":4,"minecraft:coal":86,"minecraft:cobblestone":148},"minecraft:broken":{"minecraft:stone_pickaxe":1,"minecraft:iron_pickaxe":1,"minecraft:wooden_axe":1},"minecraft:mined":{"minecraft:spruce_planks":4,"minecraft:deepslate_diamond_ore":29,"minecraft:clay":4,"minecraft:crafting_table":3,"minecraft:granite":4,"minecraft:short_grass":1,"minecraft:grass_block":4,"minecraft:spruce_leaves":13,"minecraft:lapis_ore":6,"minecraft:diorite":14,"minecraft:purple_bed":2,"minecraft:birch_log":8,"minecraft:iron_ore":21,"minecraft:spruce_log":52,"minecraft:birch_leaves":3,"minecraft:andesite":18,"minecraft:deepslate_lapis_ore":18,"minecraft:coal_ore":86,"minecraft:oak_log":6,"minecraft:dirt":6,"minecraft:gravel":11,"minecraft:stone":148,"minecraft:oak_leaves":5,"minecraft:deepslate":185}},"DataVersion":3953}