{"stats":{"minecraft:dropped":{"minecraft:birch_log":7},"minecraft:custom":{"minecraft:interact_with_furnace":4,"minecraft:mob_kills":1,"minecraft:interact_with_crafting_table":15,"minecraft:leave_game":2,"minecraft:time_since_death":78477,"minecraft:sleep_in_bed":4,"minecraft:time_since_rest":11511,"minecraft:sprint_one_cm":137916,"minecraft:damage_taken":168,"minecraft:walk_one_cm":82065,"minecraft:drop":1,"minecraft:damage_dealt":1001,"minecraft:talked_to_villager":3,"minecraft:fly_one_cm":70185,"minecraft:open_chest":30,"minecraft:crouch_one_cm":7974,"minecraft:play_time":78477,"minecraft:sneak_time":5003,"minecraft:boat_one_cm":1828,"minecraft:jump":672,"minecraft:walk_on_water_one_cm":779,"minecraft:total_world_time":78477,"minecraft:fall_one_cm":10613},"minecraft:crafted":{"minecraft:oak_planks":16,"minecraft:diamond_axe":1,"minecraft:crafting_table":1,"minecraft:spruce_planks":364,"minecraft:diamond_hoe":1,"minecraft:wooden_pickaxe":1,"minecraft:furnace":4,"minecraft:diamond_shovel":1,"minecraft:stone_axe":1,"minecraft:oak_boat":2,"minecraft:diamond_helmet":1,"minecraft:diamond_leggings":1,"minecraft:diamond_pickaxe":1,"minecraft:shield":1,"minecraft:stick":28,"minecraft:iron_pickaxe":1,"minecraft:stone_pickaxe":2,"minecraft:wooden_axe":1,"minecraft:chest":4,"minecraft:diamond_boots":1,"minecraft:stone_hoe":1,"minecraft:diamond_chestplate":1},"minecraft:used":{"minecraft:water_bucket":3,"minecraft:stone_pickaxe":131,"minecraft:diamond_hoe":10,"minecraft:spruce_planks":40,"minecraft:chest":4,"minecraft:wooden_pickaxe":3,"minecraft:diamond_axe":172,"minecraft:iron_chestplate":1,"minecraft:dirt":6,"minecraft:crafting_table":3,"minecraft:tuff":9,"minecraft:spruce_log":7,"minecraft:oak_log":2,"minecraft:wooden_axe":59,"minecraft:diamond_pickaxe":471,"minecraft:apple":1,"minecraft:diamond_shovel":221,"minecraft:bread":9,"minecraft:birch_sapling":1,"minecraft:iron_pickaxe":250,"minecraft:iron_boots":1,"minecraft:gravel":5,"minecraft:stone_axe":18,"minecraft:cobblestone":3,"minecraft:purple_bed":4,"minecraft:furnace":4,"minecraft:bucket":3,"minecraft:andesite":14,"minecraft:birch_log":2,"minecraft:oak_boat":2,"minecraft:potato":2,"minecraft:cobbled_deepslate":156},"minecraft:killed":{"minecraft:iron_golem":1},"minecraft:picked_up":{"minecraft:birch_log":15,"minecraft:crafting_table":3,"minecraft:clay_ball":32,"minecraft:andesite":18,"minecraft:flint":1,"minecraft:tuff":22,"minecraft:oak_log":6,"minecraft:cobblestone_stairs":4,"minecraft:lapis_lazuli":159,"minecraft:dirt":257,"minecraft:wheat_seeds":1,"minecraft:cobbled_deepslate":359,"minecraft:spruce_planks":6,"minecraft:iron_ingot":5,"minecraft:oak_boat":1,"minecraft:sugar_cane":3,"minecraft:birch_sapling":1,"minecraft:stick":10,"minecraft:raw_iron":21,"minecraft:sweet_berries":2,"minecraft:gravel":10,"minecraft:stripped_spruce_log":1,"minecraft:spruce_sapling":10,"minecraft:diorite":24,"minecraft:spruce_log":186,"minecraft:purple_bed":4,"minecraft:diamond":81,"minecraft:granite":4,"minecraft:coal":86,"minecraft:cobblestone":193},"minecraft:broken":{"minecraft:stone_pickaxe":1,"minecraft:iron_pickaxe":1,"minecraft:wooden_axe":1},"minecraft:mined":{"minecraft:tuff":23,"minecraft:spruce_planks":5,"minecraft:deepslate_diamond_ore":81,"minecraft:cobblestone_stairs":4,"minecraft:clay":8,"minecraft:crafting_table":3,"minecraft:granite":4,"minecraft:short_grass":3,"minecraft:grass_block":194,"minecraft:cobblestone":4,"minecraft:spruce_leaves":54,"minecraft:lapis_ore":6,"minecraft:sugar_cane":1,"minecraft:diorite":24,"minecraft:large_fern":1,"minecraft:purple_bed":3,"minecraft:sweet_berry_bush":1,"minecraft:birch_log":8,"minecraft:iron_ore":21,"minecraft:spruce_log":192,"minecraft:birch_leaves":3,"minecraft:andesite":18,"minecraft:stripped_spruce_log":1,"minecraft:deepslate_lapis_ore":18,"minecraft:coal_ore":86,"minecraft:oak_log":6,"minecraft:dirt_path":28,"minecraft:dirt":17,"minecraft:gravel":11,"minecraft:stone":189,"minecraft:oak_leaves":5,"minecraft:fern":3,"minecraft:deepslate":359}},"DataVersion":3953}