{"stats":{"minecraft:dropped":{"minecraft:wheat_seeds":8,"minecraft:stick":1,"minecraft:birch_log":7,"minecraft:spruce_sapling":3,"minecraft:cobbled_deepslate":1,"minecraft:potato":358,"minecraft:spruce_planks":1,"minecraft:beef":1},"minecraft:broken":{"minecraft:stone_pickaxe":1,"minecraft:diamond_shovel":2,"minecraft:diamond_axe":1,"minecraft:diamond_pickaxe":1,"minecraft:iron_pickaxe":1,"minecraft:wooden_axe":1},"minecraft:used":{"minecraft:enchanting_table":1,"minecraft:flint_and_steel":2,"minecraft:spruce_slab":158,"minecraft:redstone":9,"minecraft:ladder":155,"minecraft:diamond_hoe":391,"minecraft:chest":21,"minecraft:spruce_planks":378,"minecraft:shield":9,"minecraft:bell":2,"minecraft:cooked_chicken":1,"minecraft:netherrack":45,"minecraft:iron_chestplate":1,"minecraft:torch":56,"minecraft:soul_sand":2,"minecraft:dirt":1923,"minecraft:hopper":9,"minecraft:cobblestone_wall":1,"minecraft:carrot":19,"minecraft:tuff":9,"minecraft:obsidian":28,"minecraft:glass":226,"minecraft:wooden_axe":59,"minecraft:birch_sapling":1,"minecraft:iron_boots":1,"minecraft:hopper_minecart":3,"minecraft:sweet_berries":25,"minecraft:furnace":8,"minecraft:potato":342,"minecraft:cooked_beef":16,"minecraft:observer":5,"minecraft:cobbled_deepslate":762,"minecraft:cooked_mutton":1,"minecraft:water_bucket":74,"minecraft:sandstone":2,"minecraft:baked_potato":11,"minecraft:spruce_door":2,"minecraft:sugar_cane":16,"minecraft:stone_pickaxe":136,"minecraft:blue_bed":7,"minecraft:wooden_pickaxe":3,"minecraft:composter":3,"minecraft:diamond_axe":1816,"minecraft:spruce_sign":5,"minecraft:spruce_fence_gate":1,"minecraft:sand":24,"minecraft:rail":3,"minecraft:crafting_table":5,"minecraft:spruce_log":34,"minecraft:cobbled_deepslate_stairs":1,"minecraft:oak_log":2,"minecraft:piston":8,"minecraft:diamond_pickaxe":2575,"minecraft:apple":2,"minecraft:diamond_shovel":3258,"minecraft:iron_pickaxe":250,"minecraft:bread":14,"minecraft:spruce_trapdoor":10,"minecraft:gravel":5,"minecraft:stone_axe":18,"minecraft:diamond_sword":89,"minecraft:purple_bed":8,"minecraft:cobblestone":34,"minecraft:grindstone":3,"minecraft:cooked_porkchop":24,"minecraft:andesite":14,"minecraft:bucket":74,"minecraft:birch_log":2,"minecraft:oak_boat":5,"minecraft:smooth_stone_slab":5,"minecraft:kelp":123,"minecraft:bone_meal":36},"minecraft:custom":{"minecraft:mob_kills":360,"minecraft:inspect_hopper":1,"minecraft:interact_with_crafting_table":67,"minecraft:bell_ring":8,"minecraft:leave_game":4,"minecraft:time_since_death":305169,"minecraft:climb_one_cm":86470,"minecraft:sprint_one_cm":1377573,"minecraft:walk_one_cm":858846,"minecraft:damage_blocked_by_shield":295,"minecraft:drop":21,"minecraft:talked_to_villager":12,"minecraft:play_time":568161,"minecraft:sneak_time":27385,"minecraft:deaths":3,"minecraft:walk_under_water_one_cm":237129,"minecraft:boat_one_cm":6085,"minecraft:jump":6289,"minecraft:walk_on_water_one_cm":84545,"minecraft:enchant_item":10,"minecraft:total_world_time":568161,"minecraft:interact_with_furnace":98,"minecraft:interact_with_grindstone":3,"minecraft:sleep_in_bed":29,"minecraft:time_since_rest":11725,"minecraft:damage_taken":4872,"minecraft:damage_dealt":13391,"minecraft:swim_one_cm":148648,"minecraft:fly_one_cm":1126311,"minecraft:open_chest":317,"minecraft:crouch_one_cm":76641,"minecraft:fall_one_cm":134675},"minecraft:mined":{"minecraft:tuff":115,"minecraft:spruce_planks":242,"minecraft:mossy_cobblestone":71,"minecraft:deepslate_diamond_ore":109,"minecraft:cobblestone_stairs":6,"minecraft:obsidian":33,"minecraft:spruce_trapdoor":78,"minecraft:ladder":147,"minecraft:granite":4,"minecraft:spruce_fence":52,"minecraft:grass_block":1901,"minecraft:redstone_wire":1,"minecraft:spruce_leaves":212,"minecraft:kelp":11,"minecraft:hopper":3,"minecraft:sandstone":2,"minecraft:large_fern":57,"minecraft:magma_block":1,"minecraft:furnace":4,"minecraft:carrots":7,"minecraft:iron_ore":21,"minecraft:fire":5,"minecraft:cobbled_deepslate":251,"minecraft:andesite":18,"minecraft:stripped_spruce_log":1,"minecraft:deepslate_lapis_ore":18,"minecraft:bell":2,"minecraft:potatoes":129,"minecraft:dirt_path":250,"minecraft:deepslate_iron_ore":36,"minecraft:rail":3,"minecraft:stone":317,"minecraft:spruce_slab":26,"minecraft:deepslate_redstone_ore":39,"minecraft:brown_mushroom":1,"minecraft:glass_pane":11,"minecraft:soul_sand":2,"minecraft:kelp_plant":17,"minecraft:smoker":1,"minecraft:basalt":36,"minecraft:observer":1,"minecraft:spruce_door":5,"minecraft:clay":33,"minecraft:crafting_table":5,"minecraft:torch":10,"minecraft:short_grass":17,"minecraft:poppy":1,"minecraft:chest":8,"minecraft:campfire":2,"minecraft:nether_quartz_ore":21,"minecraft:tall_grass":3,"minecraft:glass":7,"minecraft:cobblestone":288,"minecraft:lapis_ore":6,"minecraft:grindstone":4,"minecraft:sugar_cane":19,"minecraft:blue_bed":8,"minecraft:diorite":32,"minecraft:wall_torch":14,"minecraft:spruce_stairs":3,"minecraft:purple_bed":7,"minecraft:cobblestone_wall":17,"minecraft:birch_log":10,"minecraft:sweet_berry_bush":12,"minecraft:spruce_log":948,"minecraft:birch_leaves":3,"minecraft:smooth_stone_slab":11,"minecraft:oak_log":6,"minecraft:coal_ore":86,"minecraft:gravel":27,"minecraft:sand":500,"minecraft:dirt":605,"minecraft:spruce_fence_gate":1,"minecraft:netherrack":62,"minecraft:oak_leaves":6,"minecraft:deepslate":1295,"minecraft:fern":32},"minecraft:picked_up":{"minecraft:charcoal":4,"minecraft:iron_chestplate":1,"minecraft:crafting_table":6,"minecraft:chicken":6,"minecraft:ladder":151,"minecraft:clay_ball":132,"minecraft:brown_mushroom":12,"minecraft:wooden_pickaxe":2,"minecraft:shield":3,"minecraft:music_disc_cat":1,"minecraft:string":5,"minecraft:smooth_stone_slab":14,"minecraft:diamond_leggings":2,"minecraft:cobbled_deepslate":1611,"minecraft:bucket":1,"minecraft:spruce_planks":734,"minecraft:beef":28,"minecraft:oak_boat":7,"minecraft:observer":1,"minecraft:poppy":7,"minecraft:spruce_slab":44,"minecraft:sugar_cane":41,"minecraft:chest":11,"minecraft:birch_sapling":1,"minecraft:furnace":4,"minecraft:spruce_trapdoor":112,"minecraft:diamond_hoe":3,"minecraft:iron_boots":1,"minecraft:stick":70,"minecraft:raw_iron":78,"minecraft:sandstone":2,"minecraft:composter":5,"minecraft:torch":239,"minecraft:spruce_stairs":4,"minecraft:spruce_fence":89,"minecraft:porkchop":24,"minecraft:diorite":64,"minecraft:carrot":15,"minecraft:redstone":176,"minecraft:iron_horse_armor":1,"minecraft:arrow":24,"minecraft:rotten_flesh":137,"minecraft:diamond_chestplate":2,"minecraft:diamond_boots":3,"minecraft:obsidian":32,"minecraft:mutton":3,"minecraft:white_wool":3,"minecraft:cobblestone":791,"minecraft:birch_log":23,"minecraft:magma_block":1,"minecraft:cooked_beef":14,"minecraft:feather":10,"minecraft:basalt":34,"minecraft:water_bucket":1,"minecraft:andesite":22,"minecraft:leather":9,"minecraft:smoker":1,"minecraft:potato":631,"minecraft:flint":2,"minecraft:tuff":133,"minecraft:oak_log":6,"minecraft:cobblestone_wall":34,"minecraft:gunpowder":15,"minecraft:cobblestone_stairs":10,"minecraft:lapis_lazuli":318,"minecraft:blue_bed":8,"minecraft:dirt":3330,"minecraft:bone":26,"minecraft:apple":1,"minecraft:kelp":309,"minecraft:wheat_seeds":27,"minecraft:bell":2,"minecraft:grindstone":7,"minecraft:iron_ingot":25,"minecraft:stone_pickaxe":1,"minecraft:diamond_helmet":2,"minecraft:stone_hoe":1,"minecraft:oak_planks":1,"minecraft:soul_sand":3,"minecraft:cooked_porkchop":39,"minecraft:sweet_berries":27,"minecraft:quartz":21,"minecraft:dandelion":1,"minecraft:poisonous_potato":1,"minecraft:gravel":31,"minecraft:sand":500,"minecraft:stripped_spruce_log":2,"minecraft:spruce_sapling":108,"minecraft:spruce_log":1115,"minecraft:spruce_door":5,"minecraft:spider_eye":2,"minecraft:mossy_cobblestone":70,"minecraft:spruce_fence_gate":2,"minecraft:diamond_shovel":3,"minecraft:pumpkin_seeds":2,"minecraft:purple_bed":8,"minecraft:diamond":157,"minecraft:stone_axe":1,"minecraft:granite":8,"minecraft:diamond_axe":2,"minecraft:golden_horse_armor":1,"minecraft:spruce_sign":6,"minecraft:netherrack":60,"minecraft:melon_seeds":3,"minecraft:coal":170,"minecraft:hopper":4,"minecraft:diamond_pickaxe":4},"minecraft:crafted":{"minecraft:oak_planks":16,"minecraft:iron_nugget":1,"minecraft:diamond_hoe":1,"minecraft:cooked_chicken":3,"minecraft:furnace":4,"minecraft:piston":8,"minecraft:lever":1,"minecraft:bone_meal":36,"minecraft:diamond_shovel":3,"minecraft:cooked_mutton":1,"minecraft:flint_and_steel":1,"minecraft:glass":425,"minecraft:hopper":8,"minecraft:diamond_helmet":1,"minecraft:diamond_leggings":1,"minecraft:ladder":300,"minecraft:spruce_slab":282,"minecraft:stone_pickaxe":2,"minecraft:cobblestone_wall":18,"minecraft:chest":27,"minecraft:diamond_boots":1,"minecraft:cobbled_deepslate_stairs":4,"minecraft:rail":16,"minecraft:stone_hoe":1,"minecraft:observer":10,"minecraft:minecart":2,"minecraft:cooked_beef":16,"minecraft:baked_potato":45,"minecraft:diamond_sword":1,"minecraft:spruce_sign":6,"minecraft:cooked_porkchop":24,"minecraft:diamond_axe":2,"minecraft:crafting_table":2,"minecraft:spruce_planks":1992,"minecraft:enchanting_table":1,"minecraft:wooden_pickaxe":1,"minecraft:spruce_door":3,"minecraft:hopper_minecart":2,"minecraft:stone_axe":1,"minecraft:air":0,"minecraft:oak_boat":2,"minecraft:spruce_trapdoor":10,"minecraft:book":4,"minecraft:paper":21,"minecraft:diamond_pickaxe":2,"minecraft:shield":1,"minecraft:stick":872,"minecraft:iron_ingot":57,"minecraft:iron_pickaxe":1,"minecraft:wooden_axe":1,"minecraft:redstone_torch":1,"minecraft:composter":8,"minecraft:torch":256,"minecraft:diamond_chestplate":1},"minecraft:killed":{"minecraft:spider":4,"minecraft:skeleton":16,"minecraft:chicken":4,"minecraft:magma_cube":1,"minecraft:pig":15,"minecraft:iron_golem":2,"minecraft:creeper":1,"minecraft:sheep":2,"minecraft:zombie":300,"minecraft:villager":1,"minecraft:cow":13}},"DataVersion":3953}