{"stats":{"minecraft:custom":{"minecraft:mob_kills":300,"minecraft:inspect_hopper":1,"minecraft:interact_with_crafting_table":63,"minecraft:bell_ring":8,"minecraft:leave_game":3,"minecraft:time_since_death":181488,"minecraft:climb_one_cm":85624,"minecraft:sprint_one_cm":1011708,"minecraft:walk_one_cm":595527,"minecraft:damage_blocked_by_shield":295,"minecraft:drop":13,"minecraft:talked_to_villager":12,"minecraft:play_time":444480,"minecraft:sneak_time":19914,"minecraft:deaths":3,"minecraft:walk_under_water_one_cm":211516,"minecraft:boat_one_cm":6085,"minecraft:jump":5156,"minecraft:walk_on_water_one_cm":73974,"minecraft:enchant_item":6,"minecraft:total_world_time":444480,"minecraft:interact_with_furnace":55,"minecraft:sleep_in_bed":22,"minecraft:time_since_rest":11338,"minecraft:damage_taken":4644,"minecraft:damage_dealt":11734,"minecraft:swim_one_cm":132510,"minecraft:fly_one_cm":885586,"minecraft:open_chest":268,"minecraft:crouch_one_cm":45982,"minecraft:fall_one_cm":120180},"minecraft:crafted":{"minecraft:oak_planks":16,"minecraft:iron_nugget":1,"minecraft:diamond_hoe":1,"minecraft:cooked_chicken":3,"minecraft:furnace":4,"minecraft:piston":8,"minecraft:lever":1,"minecraft:bone_meal":30,"minecraft:diamond_shovel":1,"minecraft:cooked_mutton":1,"minecraft:flint_and_steel":1,"minecraft:glass":128,"minecraft:hopper":8,"minecraft:diamond_helmet":1,"minecraft:diamond_leggings":1,"minecraft:ladder":300,"minecraft:spruce_slab":282,"minecraft:stone_pickaxe":2,"minecraft:cobblestone_wall":18,"minecraft:chest":27,"minecraft:diamond_boots":1,"minecraft:cobbled_deepslate_stairs":4,"minecraft:rail":16,"minecraft:stone_hoe":1,"minecraft:minecart":2,"minecraft:observer":10,"minecraft:cooked_beef":15,"minecraft:diamond_sword":1,"minecraft:spruce_sign":6,"minecraft:cooked_porkchop":24,"minecraft:diamond_axe":1,"minecraft:crafting_table":2,"minecraft:spruce_planks":1484,"minecraft:enchanting_table":1,"minecraft:wooden_pickaxe":1,"minecraft:spruce_door":3,"minecraft:hopper_minecart":2,"minecraft:stone_axe":1,"minecraft:air":0,"minecraft:oak_boat":2,"minecraft:spruce_trapdoor":10,"minecraft:book":4,"minecraft:paper":21,"minecraft:diamond_pickaxe":2,"minecraft:shield":1,"minecraft:stick":864,"minecraft:iron_ingot":57,"minecraft:iron_pickaxe":1,"minecraft:wooden_axe":1,"minecraft:redstone_torch":1,"minecraft:composter":8,"minecraft:torch":256,"minecraft:diamond_chestplate":1},"minecraft:mined":{"minecraft:tuff":115,"minecraft:spruce_planks":102,"minecraft:mossy_cobblestone":51,"minecraft:deepslate_diamond_ore":109,"minecraft:cobblestone_stairs":4,"minecraft:obsidian":33,"minecraft:spruce_trapdoor":47,"minecraft:ladder":147,"minecraft:granite":4,"minecraft:grass_block":709,"minecraft:spruce_fence":37,"minecraft:redstone_wire":1,"minecraft:spruce_leaves":104,"minecraft:hopper":3,"minecraft:kelp":11,"minecraft:large_fern":34,"minecraft:magma_block":1,"minecraft:furnace":4,"minecraft:carrots":4,"minecraft:iron_ore":21,"minecraft:cobbled_deepslate":247,"minecraft:fire":5,"minecraft:andesite":18,"minecraft:stripped_spruce_log":1,"minecraft:deepslate_lapis_ore":18,"minecraft:bell":2,"minecraft:potatoes":124,"minecraft:deepslate_iron_ore":36,"minecraft:dirt_path":89,"minecraft:rail":3,"minecraft:stone":315,"minecraft:spruce_slab":24,"minecraft:deepslate_redstone_ore":39,"minecraft:brown_mushroom":1,"minecraft:spruce_door":1,"minecraft:soul_sand":2,"minecraft:kelp_plant":17,"minecraft:smoker":1,"minecraft:basalt":36,"minecraft:observer":1,"minecraft:clay":33,"minecraft:crafting_table":4,"minecraft:torch":9,"minecraft:short_grass":10,"minecraft:chest":6,"minecraft:campfire":2,"minecraft:nether_quartz_ore":21,"minecraft:tall_grass":2,"minecraft:glass":5,"minecraft:cobblestone":112,"minecraft:lapis_ore":6,"minecraft:grindstone":3,"minecraft:sugar_cane":19,"minecraft:blue_bed":8,"minecraft:diorite":32,"minecraft:wall_torch":13,"minecraft:spruce_stairs":1,"minecraft:purple_bed":7,"minecraft:cobblestone_wall":3,"minecraft:birch_log":10,"minecraft:sweet_berry_bush":12,"minecraft:spruce_log":411,"minecraft:birch_leaves":3,"minecraft:smooth_stone_slab":11,"minecraft:oak_log":6,"minecraft:coal_ore":86,"minecraft:gravel":27,"minecraft:sand":180,"minecraft:dirt":220,"minecraft:spruce_fence_gate":1,"minecraft:netherrack":62,"minecraft:oak_leaves":5,"minecraft:deepslate":1295,"minecraft:fern":9},"minecraft:picked_up":{"minecraft:charcoal":4,"minecraft:iron_chestplate":1,"minecraft:crafting_table":5,"minecraft:chicken":6,"minecraft:ladder":151,"minecraft:clay_ball":132,"minecraft:brown_mushroom":2,"minecraft:wooden_pickaxe":2,"minecraft:shield":3,"minecraft:music_disc_cat":1,"minecraft:string":4,"minecraft:smooth_stone_slab":14,"minecraft:diamond_leggings":2,"minecraft:cobbled_deepslate":1607,"minecraft:bucket":1,"minecraft:spruce_planks":600,"minecraft:beef":16,"minecraft:oak_boat":7,"minecraft:observer":1,"minecraft:poppy":5,"minecraft:spruce_slab":40,"minecraft:sugar_cane":41,"minecraft:chest":9,"minecraft:birch_sapling":1,"minecraft:furnace":4,"minecraft:spruce_trapdoor":87,"minecraft:diamond_hoe":3,"minecraft:iron_boots":1,"minecraft:stick":35,"minecraft:raw_iron":78,"minecraft:composter":5,"minecraft:torch":215,"minecraft:spruce_stairs":2,"minecraft:spruce_fence":74,"minecraft:porkchop":24,"minecraft:carrot":4,"minecraft:diorite":64,"minecraft:redstone":176,"minecraft:iron_horse_armor":1,"minecraft:arrow":21,"minecraft:rotten_flesh":129,"minecraft:diamond_chestplate":2,"minecraft:diamond_boots":3,"minecraft:obsidian":32,"minecraft:mutton":2,"minecraft:white_wool":2,"minecraft:cobblestone":618,"minecraft:birch_log":23,"minecraft:magma_block":1,"minecraft:basalt":34,"minecraft:feather":10,"minecraft:cooked_beef":14,"minecraft:water_bucket":1,"minecraft:andesite":22,"minecraft:leather":7,"minecraft:smoker":1,"minecraft:potato":622,"minecraft:flint":2,"minecraft:tuff":133,"minecraft:oak_log":6,"minecraft:cobblestone_wall":20,"minecraft:gunpowder":15,"minecraft:cobblestone_stairs":8,"minecraft:lapis_lazuli":318,"minecraft:blue_bed":8,"minecraft:dirt":1609,"minecraft:bone":24,"minecraft:apple":1,"minecraft:kelp":309,"minecraft:wheat_seeds":16,"minecraft:bell":2,"minecraft:grindstone":6,"minecraft:iron_ingot":25,"minecraft:stone_pickaxe":1,"minecraft:diamond_helmet":2,"minecraft:stone_hoe":1,"minecraft:oak_planks":1,"minecraft:soul_sand":3,"minecraft:cooked_porkchop":39,"minecraft:sweet_berries":27,"minecraft:quartz":21,"minecraft:dandelion":1,"minecraft:poisonous_potato":1,"minecraft:gravel":31,"minecraft:sand":180,"minecraft:stripped_spruce_log":2,"minecraft:spruce_sapling":35,"minecraft:spruce_log":621,"minecraft:spruce_door":1,"minecraft:spider_eye":2,"minecraft:mossy_cobblestone":51,"minecraft:spruce_fence_gate":2,"minecraft:diamond_shovel":3,"minecraft:purple_bed":8,"minecraft:diamond":157,"minecraft:stone_axe":1,"minecraft:granite":8,"minecraft:diamond_axe":2,"minecraft:spruce_sign":6,"minecraft:melon_seeds":3,"minecraft:netherrack":60,"minecraft:coal":170,"minecraft:hopper":4,"minecraft:diamond_pickaxe":4},"minecraft:broken":{"minecraft:stone_pickaxe":1,"minecraft:diamond_pickaxe":1,"minecraft:iron_pickaxe":1,"minecraft:wooden_axe":1},"minecraft:dropped":{"minecraft:stick":1,"minecraft:birch_log":7,"minecraft:spruce_sapling":1,"minecraft:cobbled_deepslate":1,"minecraft:potato":326,"minecraft:spruce_planks":1,"minecraft:beef":1},"minecraft:killed":{"minecraft:spider":3,"minecraft:skeleton":13,"minecraft:chicken":4,"minecraft:magma_cube":1,"minecraft:pig":15,"minecraft:iron_golem":2,"minecraft:creeper":1,"minecraft:sheep":1,"minecraft:zombie":251,"minecraft:villager":1,"minecraft:cow":7},"minecraft:used":{"minecraft:enchanting_table":1,"minecraft:flint_and_steel":2,"minecraft:spruce_slab":149,"minecraft:redstone":9,"minecraft:ladder":155,"minecraft:diamond_hoe":326,"minecraft:chest":20,"minecraft:spruce_planks":376,"minecraft:shield":9,"minecraft:bell":2,"minecraft:cooked_chicken":1,"minecraft:netherrack":45,"minecraft:iron_chestplate":1,"minecraft:torch":51,"minecraft:soul_sand":2,"minecraft:dirt":568,"minecraft:hopper":9,"minecraft:cobblestone_wall":1,"minecraft:carrot":4,"minecraft:tuff":9,"minecraft:obsidian":28,"minecraft:glass":114,"minecraft:wooden_axe":59,"minecraft:birch_sapling":1,"minecraft:iron_boots":1,"minecraft:hopper_minecart":3,"minecraft:sweet_berries":25,"minecraft:furnace":8,"minecraft:potato":301,"minecraft:cooked_beef":15,"minecraft:observer":5,"minecraft:cobbled_deepslate":727,"minecraft:cooked_mutton":1,"minecraft:water_bucket":72,"minecraft:spruce_door":1,"minecraft:sugar_cane":16,"minecraft:stone_pickaxe":136,"minecraft:wooden_pickaxe":3,"minecraft:blue_bed":7,"minecraft:composter":3,"minecraft:diamond_axe":1022,"minecraft:spruce_sign":5,"minecraft:spruce_fence_gate":1,"minecraft:sand":16,"minecraft:rail":3,"minecraft:crafting_table":5,"minecraft:cobbled_deepslate_stairs":1,"minecraft:spruce_log":26,"minecraft:oak_log":2,"minecraft:piston":8,"minecraft:diamond_pickaxe":2340,"minecraft:apple":2,"minecraft:diamond_shovel":1180,"minecraft:iron_pickaxe":250,"minecraft:bread":14,"minecraft:spruce_trapdoor":10,"minecraft:gravel":5,"minecraft:stone_axe":18,"minecraft:diamond_sword":46,"minecraft:purple_bed":8,"minecraft:cobblestone":34,"minecraft:grindstone":3,"minecraft:cooked_porkchop":20,"minecraft:andesite":14,"minecraft:bucket":72,"minecraft:birch_log":2,"minecraft:smooth_stone_slab":5,"minecraft:oak_boat":5,"minecraft:kelp":123,"minecraft:bone_meal":30}},"DataVersion":3953}