{"stats":{"minecraft:custom":{"minecraft:animals_bred":3,"minecraft:interact_with_crafting_table":70,"minecraft:bell_ring":8,"minecraft:leave_game":4,"minecraft:time_since_death":418881,"minecraft:sprint_one_cm":1712194,"minecraft:damage_blocked_by_shield":295,"minecraft:drop":25,"minecraft:talked_to_villager":17,"minecraft:play_time":681873,"minecraft:deaths":3,"minecraft:jump":7737,"minecraft:walk_on_water_one_cm":91637,"minecraft:enchant_item":10,"minecraft:interact_with_furnace":105,"minecraft:sleep_in_bed":36,"minecraft:damage_dealt":14459,"minecraft:crouch_one_cm":84290,"minecraft:mob_kills":366,"minecraft:inspect_hopper":1,"minecraft:climb_one_cm":93308,"minecraft:walk_one_cm":1031677,"minecraft:sneak_time":29941,"minecraft:walk_under_water_one_cm":237964,"minecraft:boat_one_cm":10309,"minecraft:total_world_time":681873,"minecraft:interact_with_grindstone":3,"minecraft:time_since_rest":2198,"minecraft:damage_taken":5426,"minecraft:swim_one_cm":151266,"minecraft:fly_one_cm":1398730,"minecraft:open_chest":375,"minecraft:fall_one_cm":160005},"minecraft:crafted":{"minecraft:oak_planks":16,"minecraft:cooked_chicken":3,"minecraft:lever":1,"minecraft:diamond_shovel":3,"minecraft:cooked_mutton":1,"minecraft:glass":425,"minecraft:hopper":8,"minecraft:diamond_helmet":1,"minecraft:diamond_leggings":1,"minecraft:chest":27,"minecraft:rail":16,"minecraft:stone_hoe":1,"minecraft:cooked_porkchop":24,"minecraft:diamond_axe":2,"minecraft:crafting_table":2,"minecraft:spruce_planks":2248,"minecraft:wooden_pickaxe":1,"minecraft:baked_potato":173,"minecraft:spruce_door":3,"minecraft:hopper_minecart":2,"minecraft:spruce_trapdoor":10,"minecraft:book":4,"minecraft:paper":21,"minecraft:diamond_pickaxe":2,"minecraft:shield":1,"minecraft:stick":872,"minecraft:iron_ingot":65,"minecraft:iron_pickaxe":1,"minecraft:redstone_torch":1,"minecraft:composter":8,"minecraft:iron_nugget":1,"minecraft:diamond_hoe":1,"minecraft:furnace":4,"minecraft:piston":16,"minecraft:bone_meal":78,"minecraft:flint_and_steel":1,"minecraft:ladder":300,"minecraft:spruce_slab":282,"minecraft:stone_pickaxe":2,"minecraft:cobblestone_wall":18,"minecraft:diamond_boots":1,"minecraft:cobbled_deepslate_stairs":4,"minecraft:spruce_boat":8,"minecraft:minecart":2,"minecraft:observer":14,"minecraft:cooked_beef":27,"minecraft:diamond_sword":1,"minecraft:spruce_sign":6,"minecraft:enchanting_table":1,"minecraft:stone_axe":1,"minecraft:air":0,"minecraft:oak_boat":2,"minecraft:wooden_axe":1,"minecraft:torch":256,"minecraft:diamond_chestplate":1},"minecraft:mined":{"minecraft:spruce_planks":245,"minecraft:cobblestone_stairs":6,"minecraft:obsidian":33,"minecraft:spruce_trapdoor":78,"minecraft:granite":17,"minecraft:grass_block":1905,"minecraft:hopper":3,"minecraft:magma_block":1,"minecraft:cobbled_deepslate":254,"minecraft:iron_ore":29,"minecraft:fire":5,"minecraft:deepslate_lapis_ore":18,"minecraft:dirt_path":250,"minecraft:spruce_slab":33,"minecraft:deepslate_redstone_ore":39,"minecraft:brown_mushroom":1,"minecraft:kelp_plant":17,"minecraft:smoker":1,"minecraft:clay":40,"minecraft:torch":10,"minecraft:poppy":2,"minecraft:chest":8,"minecraft:glass":23,"minecraft:nether_quartz_ore":21,"minecraft:cobblestone":292,"minecraft:grindstone":4,"minecraft:sugar_cane":26,"minecraft:wall_torch":14,"minecraft:birch_log":10,"minecraft:wheat":19,"minecraft:smooth_stone_slab":11,"minecraft:oak_log":6,"minecraft:sand":500,"minecraft:dirt":606,"minecraft:netherrack":62,"minecraft:piston":2,"minecraft:oak_leaves":6,"minecraft:deepslate":1375,"minecraft:tuff":127,"minecraft:mossy_cobblestone":71,"minecraft:deepslate_diamond_ore":109,"minecraft:ladder":147,"minecraft:spruce_fence":58,"minecraft:redstone_wire":1,"minecraft:spruce_leaves":218,"minecraft:kelp":11,"minecraft:sandstone":2,"minecraft:large_fern":66,"minecraft:furnace":4,"minecraft:carrots":25,"minecraft:andesite":20,"minecraft:stripped_spruce_log":1,"minecraft:bell":2,"minecraft:potatoes":129,"minecraft:rail":3,"minecraft:deepslate_iron_ore":36,"minecraft:stone":389,"minecraft:glass_pane":11,"minecraft:soul_sand":2,"minecraft:basalt":36,"minecraft:observer":1,"minecraft:spruce_door":5,"minecraft:crafting_table":5,"minecraft:short_grass":25,"minecraft:campfire":2,"minecraft:tall_grass":4,"minecraft:lapis_ore":6,"minecraft:diorite":35,"minecraft:blue_bed":9,"minecraft:spruce_stairs":3,"minecraft:purple_bed":9,"minecraft:cobblestone_wall":17,"minecraft:sweet_berry_bush":22,"minecraft:spruce_log":948,"minecraft:birch_leaves":3,"minecraft:coal_ore":86,"minecraft:gravel":32,"minecraft:spruce_fence_gate":1,"minecraft:fern":34},"minecraft:picked_up":{"minecraft:iron_chestplate":1,"minecraft:wheat":19,"minecraft:lead":4,"minecraft:string":5,"minecraft:music_disc_cat":1,"minecraft:smooth_stone_slab":14,"minecraft:diamond_leggings":2,"minecraft:cobbled_deepslate":1694,"minecraft:bucket":1,"minecraft:spruce_planks":735,"minecraft:iron_boots":1,"minecraft:furnace":4,"minecraft:stick":70,"minecraft:composter":5,"minecraft:torch":239,"minecraft:spruce_stairs":4,"minecraft:porkchop":24,"minecraft:diorite":67,"minecraft:rotten_flesh":139,"minecraft:obsidian":32,"minecraft:cobblestone":867,"minecraft:birch_log":23,"minecraft:magma_block":1,"minecraft:feather":10,"minecraft:cooked_beef":14,"minecraft:water_bucket":1,"minecraft:andesite":24,"minecraft:smoker":1,"minecraft:potato":631,"minecraft:flint":2,"minecraft:tuff":145,"minecraft:dirt":3335,"minecraft:lapis_lazuli":318,"minecraft:bone":26,"minecraft:wheat_seeds":84,"minecraft:bell":2,"minecraft:grindstone":7,"minecraft:diamond_helmet":2,"minecraft:oak_planks":1,"minecraft:stone_hoe":1,"minecraft:cooked_porkchop":39,"minecraft:poisonous_potato":1,"minecraft:sand":500,"minecraft:stripped_spruce_log":2,"minecraft:mossy_cobblestone":70,"minecraft:spruce_fence_gate":2,"minecraft:diamond":157,"minecraft:granite":21,"minecraft:spruce_sign":6,"minecraft:golden_horse_armor":1,"minecraft:netherrack":60,"minecraft:diamond_pickaxe":5,"minecraft:charcoal":4,"minecraft:crafting_table":6,"minecraft:chicken":6,"minecraft:ladder":151,"minecraft:clay_ball":160,"minecraft:brown_mushroom":12,"minecraft:wooden_pickaxe":2,"minecraft:shield":3,"minecraft:beef":28,"minecraft:oak_boat":7,"minecraft:observer":1,"minecraft:poppy":8,"minecraft:spruce_slab":49,"minecraft:chest":11,"minecraft:sugar_cane":48,"minecraft:birch_sapling":1,"minecraft:spruce_trapdoor":112,"minecraft:piston":2,"minecraft:diamond_hoe":3,"minecraft:egg":2,"minecraft:raw_iron":86,"minecraft:sandstone":2,"minecraft:spruce_fence":95,"minecraft:carrot":49,"minecraft:redstone":176,"minecraft:iron_horse_armor":1,"minecraft:arrow":24,"minecraft:diamond_chestplate":2,"minecraft:diamond_boots":3,"minecraft:mutton":3,"minecraft:white_wool":3,"minecraft:basalt":34,"minecraft:leather":9,"minecraft:oak_log":6,"minecraft:gunpowder":15,"minecraft:cobblestone_wall":34,"minecraft:cobblestone_stairs":10,"minecraft:blue_bed":9,"minecraft:apple":1,"minecraft:kelp":309,"minecraft:iron_ingot":25,"minecraft:stone_pickaxe":1,"minecraft:soul_sand":3,"minecraft:sweet_berries":49,"minecraft:quartz":21,"minecraft:dandelion":1,"minecraft:gravel":36,"minecraft:spruce_sapling":109,"minecraft:spruce_log":1115,"minecraft:spider_eye":2,"minecraft:spruce_door":5,"minecraft:diamond_shovel":3,"minecraft:pumpkin_seeds":2,"minecraft:purple_bed":10,"minecraft:stone_axe":1,"minecraft:diamond_axe":2,"minecraft:baked_potato":1,"minecraft:melon_seeds":3,"minecraft:coal":170,"minecraft:hopper":4},"minecraft:broken":{"minecraft:stone_pickaxe":1,"minecraft:diamond_shovel":2,"minecraft:diamond_pickaxe":1,"minecraft:wooden_axe":1,"minecraft:diamond_axe":1,"minecraft:iron_pickaxe":1},"minecraft:dropped":{"minecraft:baked_potato":2,"minecraft:birch_log":7,"minecraft:cobbled_deepslate":1,"minecraft:beef":1,"minecraft:wheat_seeds":8,"minecraft:stick":1,"minecraft:spruce_sapling":4,"minecraft:potato":358,"minecraft:spruce_planks":1,"minecraft:diamond_pickaxe":1},"minecraft:killed":{"minecraft:spider":4,"minecraft:skeleton":16,"minecraft:fox":1,"minecraft:chicken":4,"minecraft:magma_cube":1,"minecraft:pig":15,"minecraft:iron_golem":2,"minecraft:creeper":1,"minecraft:sheep":2,"minecraft:trader_llama":2,"minecraft:zombie":301,"minecraft:cow":13,"minecraft:wandering_trader":1,"minecraft:villager":1},"minecraft:used":{"minecraft:spruce_slab":202,"minecraft:diamond_hoe":393,"minecraft:ladder":160,"minecraft:chest":21,"minecraft:shield":9,"minecraft:bell":2,"minecraft:iron_chestplate":1,"minecraft:soul_sand":2,"minecraft:carrot":26,"minecraft:tuff":21,"minecraft:obsidian":28,"minecraft:spruce_boat":4,"minecraft:glass":270,"minecraft:birch_sapling":1,"minecraft:hopper_minecart":3,"minecraft:sweet_berries":25,"minecraft:furnace":8,"minecraft:egg":2,"minecraft:potato":342,"minecraft:spruce_door":2,"minecraft:stone_pickaxe":136,"minecraft:wooden_pickaxe":3,"minecraft:sandstone":2,"minecraft:composter":3,"minecraft:blue_bed":7,"minecraft:diamond_axe":1832,"minecraft:sugar_cane":26,"minecraft:sand":24,"minecraft:cobbled_deepslate_stairs":1,"minecraft:bread":18,"minecraft:gravel":5,"minecraft:diamond_sword":105,"minecraft:grindstone":3,"minecraft:birch_log":2,"minecraft:andesite":14,"minecraft:smooth_stone_slab":5,"minecraft:oak_boat":5,"minecraft:bone_meal":78,"minecraft:enchanting_table":1,"minecraft:flint_and_steel":2,"minecraft:redstone":17,"minecraft:spruce_planks":385,"minecraft:cooked_chicken":1,"minecraft:netherrack":45,"minecraft:torch":64,"minecraft:dirt":1926,"minecraft:hopper":9,"minecraft:cobblestone_wall":1,"minecraft:spruce_fence":48,"minecraft:wooden_axe":59,"minecraft:iron_boots":1,"minecraft:cooked_beef":20,"minecraft:cobbled_deepslate":926,"minecraft:observer":9,"minecraft:wheat_seeds":32,"minecraft:cooked_mutton":1,"minecraft:water_bucket":75,"minecraft:baked_potato":24,"minecraft:spruce_sign":5,"minecraft:spruce_fence_gate":1,"minecraft:rail":3,"minecraft:crafting_table":5,"minecraft:spruce_log":34,"minecraft:oak_log":2,"minecraft:piston":18,"minecraft:diamond_pickaxe":2781,"minecraft:apple":2,"minecraft:diamond_shovel":3273,"minecraft:iron_pickaxe":250,"minecraft:spruce_trapdoor":10,"minecraft:stone_axe":18,"minecraft:cobblestone":135,"minecraft:purple_bed":9,"minecraft:cooked_porkchop":24,"minecraft:bucket":76,"minecraft:kelp":123}},"DataVersion":3953}