{"stats":{"minecraft:dropped":{"minecraft:birch_log":7,"minecraft:spruce_sapling":1,"minecraft:cobbled_deepslate":1,"minecraft:spruce_planks":1},"minecraft:custom":{"minecraft:mob_kills":29,"minecraft:interact_with_crafting_table":32,"minecraft:bell_ring":6,"minecraft:leave_game":2,"minecraft:time_since_death":186477,"minecraft:sprint_one_cm":535896,"minecraft:walk_one_cm":268874,"minecraft:damage_blocked_by_shield":295,"minecraft:drop":4,"minecraft:talked_to_villager":6,"minecraft:play_time":186477,"minecraft:sneak_time":8911,"minecraft:walk_under_water_one_cm":12617,"minecraft:boat_one_cm":1828,"minecraft:jump":2589,"minecraft:walk_on_water_one_cm":43327,"minecraft:enchant_item":4,"minecraft:total_world_time":186477,"minecraft:interact_with_furnace":29,"minecraft:sleep_in_bed":10,"minecraft:time_since_rest":3569,"minecraft:damage_taken":952,"minecraft:damage_dealt":5323,"minecraft:swim_one_cm":46770,"minecraft:fly_one_cm":433299,"minecraft:open_chest":98,"minecraft:crouch_one_cm":16582,"minecraft:fall_one_cm":47342},"minecraft:crafted":{"minecraft:oak_planks":16,"minecraft:diamond_hoe":1,"minecraft:furnace":4,"minecraft:piston":8,"minecraft:lever":1,"minecraft:bone_meal":24,"minecraft:diamond_shovel":1,"minecraft:cooked_mutton":1,"minecraft:flint_and_steel":1,"minecraft:glass":59,"minecraft:hopper":1,"minecraft:diamond_helmet":1,"minecraft:diamond_leggings":1,"minecraft:stone_pickaxe":2,"minecraft:chest":7,"minecraft:diamond_boots":1,"minecraft:stone_hoe":1,"minecraft:observer":10,"minecraft:cooked_beef":15,"minecraft:cooked_porkchop":9,"minecraft:diamond_axe":1,"minecraft:crafting_table":1,"minecraft:spruce_planks":492,"minecraft:enchanting_table":1,"minecraft:wooden_pickaxe":1,"minecraft:stone_axe":1,"minecraft:air":0,"minecraft:oak_boat":2,"minecraft:book":4,"minecraft:paper":21,"minecraft:diamond_pickaxe":1,"minecraft:shield":1,"minecraft:stick":156,"minecraft:iron_ingot":21,"minecraft:iron_pickaxe":1,"minecraft:wooden_axe":1,"minecraft:redstone_torch":1,"minecraft:torch":256,"minecraft:diamond_chestplate":1},"minecraft:used":{"minecraft:enchanting_table":1,"minecraft:flint_and_steel":1,"minecraft:redstone":9,"minecraft:diamond_hoe":51,"minecraft:chest":10,"minecraft:spruce_planks":77,"minecraft:shield":9,"minecraft:netherrack":2,"minecraft:iron_chestplate":1,"minecraft:torch":6,"minecraft:dirt":524,"minecraft:hopper":1,"minecraft:tuff":9,"minecraft:obsidian":14,"minecraft:glass":42,"minecraft:wooden_axe":59,"minecraft:birch_sapling":1,"minecraft:iron_boots":1,"minecraft:sweet_berries":25,"minecraft:furnace":8,"minecraft:cooked_beef":2,"minecraft:potato":47,"minecraft:cobbled_deepslate":323,"minecraft:observer":5,"minecraft:cooked_mutton":1,"minecraft:water_bucket":48,"minecraft:stone_pickaxe":131,"minecraft:wooden_pickaxe":3,"minecraft:diamond_axe":551,"minecraft:sugar_cane":16,"minecraft:sand":16,"minecraft:crafting_table":4,"minecraft:spruce_log":26,"minecraft:oak_log":2,"minecraft:piston":8,"minecraft:diamond_pickaxe":832,"minecraft:apple":2,"minecraft:diamond_shovel":975,"minecraft:bread":14,"minecraft:iron_pickaxe":250,"minecraft:gravel":5,"minecraft:stone_axe":18,"minecraft:cobblestone":23,"minecraft:purple_bed":5,"minecraft:cooked_porkchop":9,"minecraft:birch_log":2,"minecraft:andesite":14,"minecraft:bucket":49,"minecraft:oak_boat":2,"minecraft:bone_meal":24},"minecraft:broken":{"minecraft:stone_pickaxe":1,"minecraft:iron_pickaxe":1,"minecraft:wooden_axe":1},"minecraft:killed":{"minecraft:spider":1,"minecraft:skeleton":9,"minecraft:pig":6,"minecraft:iron_golem":1,"minecraft:sheep":1,"minecraft:zombie":4,"minecraft:cow":6},"minecraft:picked_up":{"minecraft:crafting_table":5,"minecraft:iron_chestplate":1,"minecraft:clay_ball":80,"minecraft:brown_mushroom":2,"minecraft:wooden_pickaxe":1,"minecraft:cobbled_deepslate":699,"minecraft:spruce_planks":288,"minecraft:beef":15,"minecraft:oak_boat":2,"minecraft:observer":1,"minecraft:poppy":1,"minecraft:sugar_cane":41,"minecraft:chest":4,"minecraft:birch_sapling":1,"minecraft:spruce_trapdoor":82,"minecraft:iron_boots":1,"minecraft:furnace":4,"minecraft:raw_iron":42,"minecraft:stick":31,"minecraft:torch":9,"minecraft:spruce_stairs":2,"minecraft:spruce_fence":74,"minecraft:porkchop":9,"minecraft:diorite":48,"minecraft:redstone":167,"minecraft:arrow":19,"minecraft:rotten_flesh":4,"minecraft:obsidian":18,"minecraft:mutton":2,"minecraft:white_wool":2,"minecraft:cobblestone":360,"minecraft:birch_log":21,"minecraft:andesite":22,"minecraft:leather":4,"minecraft:potato":75,"minecraft:flint":2,"minecraft:tuff":47,"minecraft:oak_log":6,"minecraft:cobblestone_wall":2,"minecraft:cobblestone_stairs":8,"minecraft:lapis_lazuli":318,"minecraft:dirt":1242,"minecraft:bone":8,"minecraft:apple":1,"minecraft:wheat_seeds":16,"minecraft:iron_ingot":6,"minecraft:stone_pickaxe":1,"minecraft:oak_planks":1,"minecraft:stone_hoe":1,"minecraft:sweet_berries":27,"minecraft:quartz":21,"minecraft:dandelion":1,"minecraft:gravel":21,"minecraft:sand":180,"minecraft:stripped_spruce_log":2,"minecraft:spruce_sapling":34,"minecraft:spruce_log":595,"minecraft:spruce_fence_gate":2,"minecraft:purple_bed":5,"minecraft:diamond":156,"minecraft:stone_axe":1,"minecraft:granite":8,"minecraft:netherrack":2,"minecraft:coal":170},"minecraft:mined":{"minecraft:tuff":35,"minecraft:spruce_planks":13,"minecraft:deepslate_diamond_ore":108,"minecraft:cobblestone_stairs":4,"minecraft:obsidian":19,"minecraft:spruce_trapdoor":41,"minecraft:granite":4,"minecraft:spruce_fence":37,"minecraft:grass_block":592,"minecraft:redstone_wire":1,"minecraft:spruce_leaves":96,"minecraft:large_fern":33,"minecraft:furnace":4,"minecraft:fire":5,"minecraft:iron_ore":21,"minecraft:cobbled_deepslate":61,"minecraft:andesite":18,"minecraft:stripped_spruce_log":1,"minecraft:deepslate_lapis_ore":18,"minecraft:potatoes":20,"minecraft:dirt_path":74,"minecraft:stone":204,"minecraft:deepslate_redstone_ore":37,"minecraft:brown_mushroom":1,"minecraft:observer":1,"minecraft:crafting_table":4,"minecraft:clay":12,"minecraft:torch":4,"minecraft:short_grass":9,"minecraft:chest":4,"minecraft:glass":1,"minecraft:nether_quartz_ore":21,"minecraft:cobblestone":9,"minecraft:tall_grass":2,"minecraft:lapis_ore":6,"minecraft:sugar_cane":19,"minecraft:diorite":24,"minecraft:spruce_stairs":1,"minecraft:purple_bed":4,"minecraft:cobblestone_wall":2,"minecraft:birch_log":8,"minecraft:sweet_berry_bush":12,"minecraft:spruce_log":385,"minecraft:birch_leaves":3,"minecraft:oak_log":6,"minecraft:coal_ore":86,"minecraft:sand":180,"minecraft:gravel":17,"minecraft:dirt":148,"minecraft:spruce_fence_gate":1,"minecraft:netherrack":3,"minecraft:oak_leaves":5,"minecraft:deepslate":499,"minecraft:fern":8}},"DataVersion":3953}