{"stats":{"minecraft:dropped":{"minecraft:birch_log":7,"minecraft:spruce_sapling":1},"minecraft:custom":{"minecraft:mob_kills":17,"minecraft:interact_with_crafting_table":17,"minecraft:leave_game":2,"minecraft:time_since_death":114477,"minecraft:sprint_one_cm":298322,"minecraft:walk_one_cm":185905,"minecraft:damage_blocked_by_shield":150,"minecraft:drop":2,"minecraft:talked_to_villager":4,"minecraft:play_time":114477,"minecraft:sneak_time":6099,"minecraft:walk_under_water_one_cm":112,"minecraft:boat_one_cm":1828,"minecraft:jump":1208,"minecraft:walk_on_water_one_cm":3826,"minecraft:total_world_time":114477,"minecraft:interact_with_furnace":11,"minecraft:sleep_in_bed":7,"minecraft:time_since_rest":3908,"minecraft:damage_taken":540,"minecraft:damage_dealt":3623,"minecraft:swim_one_cm":507,"minecraft:fly_one_cm":174177,"minecraft:open_chest":40,"minecraft:crouch_one_cm":13481,"minecraft:fall_one_cm":20057},"minecraft:crafted":{"minecraft:oak_planks":16,"minecraft:diamond_hoe":1,"minecraft:furnace":4,"minecraft:bone_meal":9,"minecraft:diamond_shovel":1,"minecraft:diamond_helmet":1,"minecraft:diamond_leggings":1,"minecraft:stone_pickaxe":2,"minecraft:chest":4,"minecraft:diamond_boots":1,"minecraft:stone_hoe":1,"minecraft:cooked_porkchop":9,"minecraft:diamond_axe":1,"minecraft:crafting_table":1,"minecraft:spruce_planks":364,"minecraft:wooden_pickaxe":1,"minecraft:stone_axe":1,"minecraft:air":0,"minecraft:oak_boat":2,"minecraft:diamond_pickaxe":1,"minecraft:shield":1,"minecraft:stick":28,"minecraft:iron_pickaxe":1,"minecraft:wooden_axe":1,"minecraft:diamond_chestplate":1},"minecraft:used":{"minecraft:diamond_hoe":51,"minecraft:chest":8,"minecraft:spruce_planks":40,"minecraft:shield":4,"minecraft:iron_chestplate":1,"minecraft:torch":2,"minecraft:dirt":523,"minecraft:tuff":9,"minecraft:wooden_axe":59,"minecraft:birch_sapling":1,"minecraft:iron_boots":1,"minecraft:furnace":8,"minecraft:potato":18,"minecraft:cobbled_deepslate":186,"minecraft:water_bucket":5,"minecraft:stone_pickaxe":131,"minecraft:wooden_pickaxe":3,"minecraft:diamond_axe":504,"minecraft:crafting_table":4,"minecraft:spruce_log":16,"minecraft:oak_log":2,"minecraft:diamond_pickaxe":618,"minecraft:apple":1,"minecraft:diamond_shovel":727,"minecraft:bread":9,"minecraft:iron_pickaxe":250,"minecraft:gravel":5,"minecraft:stone_axe":18,"minecraft:cobblestone":3,"minecraft:purple_bed":5,"minecraft:cooked_porkchop":8,"minecraft:birch_log":2,"minecraft:andesite":14,"minecraft:bucket":6,"minecraft:oak_boat":2,"minecraft:bone_meal":9},"minecraft:broken":{"minecraft:stone_pickaxe":1,"minecraft:iron_pickaxe":1,"minecraft:wooden_axe":1},"minecraft:killed":{"minecraft:spider":1,"minecraft:skeleton":4,"minecraft:pig":6,"minecraft:iron_golem":1,"minecraft:sheep":1,"minecraft:zombie":4},"minecraft:picked_up":{"minecraft:crafting_table":5,"minecraft:iron_chestplate":1,"minecraft:clay_ball":80,"minecraft:brown_mushroom":2,"minecraft:wooden_pickaxe":1,"minecraft:cobbled_deepslate":597,"minecraft:spruce_planks":281,"minecraft:oak_boat":2,"minecraft:poppy":1,"minecraft:sugar_cane":6,"minecraft:chest":4,"minecraft:birch_sapling":1,"minecraft:spruce_trapdoor":82,"minecraft:iron_boots":1,"minecraft:furnace":4,"minecraft:raw_iron":42,"minecraft:stick":31,"minecraft:torch":5,"minecraft:spruce_stairs":2,"minecraft:spruce_fence":74,"minecraft:porkchop":9,"minecraft:diorite":48,"minecraft:redstone":54,"minecraft:arrow":10,"minecraft:rotten_flesh":4,"minecraft:mutton":2,"minecraft:white_wool":2,"minecraft:cobblestone":340,"minecraft:birch_log":21,"minecraft:andesite":22,"minecraft:potato":16,"minecraft:flint":2,"minecraft:tuff":47,"minecraft:oak_log":6,"minecraft:cobblestone_wall":2,"minecraft:cobblestone_stairs":8,"minecraft:lapis_lazuli":318,"minecraft:dirt":1173,"minecraft:bone":3,"minecraft:apple":1,"minecraft:wheat_seeds":16,"minecraft:iron_ingot":6,"minecraft:stone_pickaxe":1,"minecraft:oak_planks":1,"minecraft:stone_hoe":1,"minecraft:sweet_berries":4,"minecraft:dandelion":1,"minecraft:gravel":21,"minecraft:stripped_spruce_log":2,"minecraft:spruce_sapling":34,"minecraft:spruce_log":584,"minecraft:spruce_fence_gate":2,"minecraft:purple_bed":5,"minecraft:diamond":138,"minecraft:stone_axe":1,"minecraft:granite":8,"minecraft:coal":170},"minecraft:mined":{"minecraft:tuff":35,"minecraft:spruce_planks":6,"minecraft:deepslate_diamond_ore":90,"minecraft:cobblestone_stairs":4,"minecraft:spruce_trapdoor":41,"minecraft:granite":4,"minecraft:spruce_fence":37,"minecraft:grass_block":536,"minecraft:spruce_leaves":89,"minecraft:large_fern":33,"minecraft:furnace":4,"minecraft:iron_ore":21,"minecraft:cobbled_deepslate":43,"minecraft:andesite":18,"minecraft:stripped_spruce_log":1,"minecraft:deepslate_lapis_ore":18,"minecraft:potatoes":4,"minecraft:dirt_path":66,"minecraft:stone":189,"minecraft:deepslate_redstone_ore":12,"minecraft:brown_mushroom":1,"minecraft:crafting_table":4,"minecraft:clay":12,"minecraft:torch":1,"minecraft:short_grass":9,"minecraft:chest":4,"minecraft:cobblestone":4,"minecraft:tall_grass":2,"minecraft:lapis_ore":6,"minecraft:sugar_cane":1,"minecraft:diorite":24,"minecraft:spruce_stairs":1,"minecraft:purple_bed":4,"minecraft:cobblestone_wall":2,"minecraft:birch_log":8,"minecraft:sweet_berry_bush":1,"minecraft:spruce_log":374,"minecraft:birch_leaves":3,"minecraft:oak_log":6,"minecraft:coal_ore":86,"minecraft:gravel":17,"minecraft:dirt":143,"minecraft:spruce_fence_gate":1,"minecraft:oak_leaves":5,"minecraft:deepslate":416,"minecraft:fern":8}},"DataVersion":3953}