{"stats":{"minecraft:dropped":{"minecraft:birch_log":7},"minecraft:custom":{"minecraft:time_since_rest":6151,"minecraft:interact_with_furnace":2,"minecraft:sprint_one_cm":79216,"minecraft:damage_taken":135,"minecraft:walk_one_cm":33807,"minecraft:mob_kills":1,"minecraft:drop":1,"minecraft:damage_dealt":1001,"minecraft:interact_with_crafting_table":13,"minecraft:talked_to_villager":2,"minecraft:fly_one_cm":49190,"minecraft:open_chest":20,"minecraft:crouch_one_cm":1464,"minecraft:play_time":38731,"minecraft:sneak_time":1594,"minecraft:boat_one_cm":1828,"minecraft:jump":345,"minecraft:leave_game":1,"minecraft:time_since_death":38731,"minecraft:sleep_in_bed":3,"minecraft:total_world_time":38731,"minecraft:fall_one_cm":7423},"minecraft:crafted":{"minecraft:oak_boat":2,"minecraft:oak_planks":16,"minecraft:spruce_planks":236,"minecraft:stick":16,"minecraft:iron_pickaxe":1,"minecraft:wooden_pickaxe":1,"minecraft:stone_pickaxe":2,"minecraft:wooden_axe":1,"minecraft:chest":4,"minecraft:furnace":4,"minecraft:stone_axe":1,"minecraft:stone_hoe":1},"minecraft:used":{"minecraft:oak_log":2,"minecraft:wooden_axe":59,"minecraft:apple":1,"minecraft:bread":6,"minecraft:stone_pickaxe":131,"minecraft:birch_sapling":1,"minecraft:chest":4,"minecraft:spruce_planks":39,"minecraft:wooden_pickaxe":3,"minecraft:iron_boots":1,"minecraft:gravel":2,"minecraft:stone_axe":17,"minecraft:iron_chestplate":1,"minecraft:cobblestone":3,"minecraft:purple_bed":2,"minecraft:crafting_table":2,"minecraft:furnace":4,"minecraft:andesite":3,"minecraft:birch_log":2,"minecraft:oak_boat":2,"minecraft:spruce_log":5},"minecraft:killed":{"minecraft:iron_golem":1},"minecraft:picked_up":{"minecraft:birch_log":15,"minecraft:stick":1,"minecraft:crafting_table":2,"minecraft:andesite":7,"minecraft:gravel":7,"minecraft:flint":1,"minecraft:oak_log":6,"minecraft:spruce_sapling":3,"minecraft:spruce_log":52,"minecraft:dirt":10,"minecraft:purple_bed":2,"minecraft:spruce_planks":4,"minecraft:iron_ingot":5,"minecraft:oak_boat":1,"minecraft:birch_sapling":1,"minecraft:coal":58,"minecraft:cobblestone":62},"minecraft:broken":{"minecraft:stone_pickaxe":1,"minecraft:wooden_axe":1},"minecraft:mined":{"minecraft:purple_bed":2,"minecraft:spruce_planks":4,"minecraft:birch_log":8,"minecraft:andesite":7,"minecraft:spruce_log":52,"minecraft:birch_leaves":3,"minecraft:crafting_table":2,"minecraft:short_grass":1,"minecraft:coal_ore":58,"minecraft:grass_block":4,"minecraft:oak_log":6,"minecraft:gravel":8,"minecraft:dirt":6,"minecraft:spruce_leaves":13,"minecraft:stone":62,"minecraft:oak_leaves":5}},"DataVersion":3953}